契約ID,氏名,車両,契約シート,回次,支払期日,月額,ボーナス加算,請求額,元本相当,手数料相当,状態
1,木村 祐介,ハスラー,2月,1,2026/02/27,30442,0,30442,22832,7610,通常
1,木村 祐介,ハスラー,2月,2,2026/03/27,30442,0,30442,22832,7610,通常
1,木村 祐介,ハスラー,2月,3,2026/04/27,30442,0,30442,22832,7610,通常
1,木村 祐介,ハスラー,2月,4,2026/05/27,30442,0,30442,22832,7610,通常
1,木村 祐介,ハスラー,2月,5,2026/06/27,30442,0,30442,22832,7610,通常
1,木村 祐介,ハスラー,2月,6,2026/07/27,30442,0,30442,22832,7610,通常
1,木村 祐介,ハスラー,2月,7,2026/08/27,30442,0,30442,22832,7610,通常
1,木村 祐介,ハスラー,2月,8,2026/09/27,30442,0,30442,22832,7610,通常
1,木村 祐介,ハスラー,2月,9,2026/10/27,30442,0,30442,22832,7610,通常
1,木村 祐介,ハスラー,2月,10,2026/11/27,30442,0,30442,22832,7610,通常
1,木村 祐介,ハスラー,2月,11,2026/12/27,30442,0,30442,22832,7610,通常
1,木村 祐介,ハスラー,2月,12,2027/01/27,30442,0,30442,22832,7610,通常
1,木村 祐介,ハスラー,2月,13,2027/02/27,30442,0,30442,22832,7610,通常
1,木村 祐介,ハスラー,2月,14,2027/03/27,30442,0,30442,22832,7610,通常
1,木村 祐介,ハスラー,2月,15,2027/04/27,30442,0,30442,22832,7610,通常
1,木村 祐介,ハスラー,2月,16,2027/05/27,30442,0,30442,22832,7610,通常
1,木村 祐介,ハスラー,2月,17,2027/06/27,30442,0,30442,22832,7610,通常
1,木村 祐介,ハスラー,2月,18,2027/07/27,30442,0,30442,22832,7610,通常
1,木村 祐介,ハスラー,2月,19,2027/08/27,30442,0,30442,22832,7610,通常
1,木村 祐介,ハスラー,2月,20,2027/09/27,30442,0,30442,22832,7610,通常
1,木村 祐介,ハスラー,2月,21,2027/10/27,30442,0,30442,22832,7610,通常
1,木村 祐介,ハスラー,2月,22,2027/11/27,30442,0,30442,22832,7610,通常
1,木村 祐介,ハスラー,2月,23,2027/12/27,30442,0,30442,22832,7610,通常
1,木村 祐介,ハスラー,2月,24,2028/01/27,30442,0,30442,22832,7610,通常
1,木村 祐介,ハスラー,2月,25,2028/02/27,30442,0,30442,22832,7610,通常
1,木村 祐介,ハスラー,2月,26,2028/03/27,30442,0,30442,22832,7610,通常
1,木村 祐介,ハスラー,2月,27,2028/04/27,30442,0,30442,22832,7610,通常
1,木村 祐介,ハスラー,2月,28,2028/05/27,30442,0,30442,22832,7610,通常
1,木村 祐介,ハスラー,2月,29,2028/06/27,30442,0,30442,22832,7610,通常
1,木村 祐介,ハスラー,2月,30,2028/07/27,30442,0,30442,22832,7610,通常
1,木村 祐介,ハスラー,2月,31,2028/08/27,30442,0,30442,22832,7610,通常
1,木村 祐介,ハスラー,2月,32,2028/09/27,30442,0,30442,22832,7610,通常
1,木村 祐介,ハスラー,2月,33,2028/10/27,30442,0,30442,22832,7610,通常
1,木村 祐介,ハスラー,2月,34,2028/11/27,30442,0,30442,22832,7610,通常
1,木村 祐介,ハスラー,2月,35,2028/12/27,30442,0,30442,22832,7610,通常
1,木村 祐介,ハスラー,2月,36,2029/01/27,30442,0,30442,22832,7610,通常
1,木村 祐介,ハスラー,2月,37,2029/02/27,30442,0,30442,22832,7610,通常
1,木村 祐介,ハスラー,2月,38,2029/03/27,30442,0,30442,22832,7610,通常
1,木村 祐介,ハスラー,2月,39,2029/04/27,30442,0,30442,22832,7610,通常
1,木村 祐介,ハスラー,2月,40,2029/05/27,30442,0,30442,22832,7610,通常
1,木村 祐介,ハスラー,2月,41,2029/06/27,30442,0,30442,22832,7610,通常
1,木村 祐介,ハスラー,2月,42,2029/07/27,30442,0,30442,22832,7610,通常
1,木村 祐介,ハスラー,2月,43,2029/08/27,30442,0,30442,22832,7610,通常
1,木村 祐介,ハスラー,2月,44,2029/09/27,30442,0,30442,22832,7610,通常
1,木村 祐介,ハスラー,2月,45,2029/10/27,30442,0,30442,22832,7610,通常
1,木村 祐介,ハスラー,2月,46,2029/11/27,30442,0,30442,22832,7610,通常
1,木村 祐介,ハスラー,2月,47,2029/12/27,30442,0,30442,22832,7610,通常
1,木村 祐介,ハスラー,2月,48,2030/01/27,30442,0,30442,22832,7610,通常
2,松本 怜,20ヴェルファイア,2月,1,2026/03/06,51000,0,51000,38250,12750,通常
2,松本 怜,20ヴェルファイア,2月,2,2026/04/06,51000,0,51000,38250,12750,通常
2,松本 怜,20ヴェルファイア,2月,3,2026/05/06,51000,0,51000,38250,12750,通常
2,松本 怜,20ヴェルファイア,2月,4,2026/06/06,51000,0,51000,38250,12750,通常
2,松本 怜,20ヴェルファイア,2月,5,2026/07/06,51000,0,51000,38250,12750,通常
2,松本 怜,20ヴェルファイア,2月,6,2026/08/06,51000,0,51000,38250,12750,通常
2,松本 怜,20ヴェルファイア,2月,7,2026/09/06,51000,0,51000,38250,12750,通常
2,松本 怜,20ヴェルファイア,2月,8,2026/10/06,51000,0,51000,38250,12750,通常
2,松本 怜,20ヴェルファイア,2月,9,2026/11/06,51000,0,51000,38250,12750,通常
2,松本 怜,20ヴェルファイア,2月,10,2026/12/06,51000,0,51000,38250,12750,通常
2,松本 怜,20ヴェルファイア,2月,11,2027/01/06,51000,0,51000,38250,12750,通常
2,松本 怜,20ヴェルファイア,2月,12,2027/02/06,51000,0,51000,38250,12750,通常
2,松本 怜,20ヴェルファイア,2月,13,2027/03/06,51000,0,51000,38250,12750,通常
2,松本 怜,20ヴェルファイア,2月,14,2027/04/06,51000,0,51000,38250,12750,通常
2,松本 怜,20ヴェルファイア,2月,15,2027/05/06,51000,0,51000,38250,12750,通常
2,松本 怜,20ヴェルファイア,2月,16,2027/06/06,51000,0,51000,38250,12750,通常
2,松本 怜,20ヴェルファイア,2月,17,2027/07/06,51000,0,51000,38250,12750,通常
2,松本 怜,20ヴェルファイア,2月,18,2027/08/06,51000,0,51000,38250,12750,通常
2,松本 怜,20ヴェルファイア,2月,19,2027/09/06,51000,0,51000,38250,12750,通常
2,松本 怜,20ヴェルファイア,2月,20,2027/10/06,51000,0,51000,38250,12750,通常
2,松本 怜,20ヴェルファイア,2月,21,2027/11/06,51000,0,51000,38250,12750,通常
2,松本 怜,20ヴェルファイア,2月,22,2027/12/06,51000,0,51000,38250,12750,通常
2,松本 怜,20ヴェルファイア,2月,23,2028/01/06,51000,0,51000,38250,12750,通常
2,松本 怜,20ヴェルファイア,2月,24,2028/02/06,51000,0,51000,38250,12750,通常
2,松本 怜,20ヴェルファイア,2月,25,2028/03/06,51000,0,51000,38250,12750,通常
2,松本 怜,20ヴェルファイア,2月,26,2028/04/06,51000,0,51000,38250,12750,通常
2,松本 怜,20ヴェルファイア,2月,27,2028/05/06,51000,0,51000,38250,12750,通常
2,松本 怜,20ヴェルファイア,2月,28,2028/06/06,51000,0,51000,38250,12750,通常
2,松本 怜,20ヴェルファイア,2月,29,2028/07/06,51000,0,51000,38250,12750,通常
2,松本 怜,20ヴェルファイア,2月,30,2028/08/06,51000,0,51000,38250,12750,通常
2,松本 怜,20ヴェルファイア,2月,31,2028/09/06,51000,0,51000,38250,12750,通常
2,松本 怜,20ヴェルファイア,2月,32,2028/10/06,51000,0,51000,38250,12750,通常
2,松本 怜,20ヴェルファイア,2月,33,2028/11/06,51000,0,51000,38250,12750,通常
2,松本 怜,20ヴェルファイア,2月,34,2028/12/06,51000,0,51000,38250,12750,通常
2,松本 怜,20ヴェルファイア,2月,35,2029/01/06,51000,0,51000,38250,12750,通常
2,松本 怜,20ヴェルファイア,2月,36,2029/02/06,51000,0,51000,38250,12750,通常
2,松本 怜,20ヴェルファイア,2月,37,2029/03/06,51000,0,51000,38250,12750,通常
2,松本 怜,20ヴェルファイア,2月,38,2029/04/06,51000,0,51000,38250,12750,通常
2,松本 怜,20ヴェルファイア,2月,39,2029/05/06,51000,0,51000,38250,12750,通常
2,松本 怜,20ヴェルファイア,2月,40,2029/06/06,51000,0,51000,38250,12750,通常
2,松本 怜,20ヴェルファイア,2月,41,2029/07/06,51000,0,51000,38250,12750,通常
2,松本 怜,20ヴェルファイア,2月,42,2029/08/06,51000,0,51000,38250,12750,通常
2,松本 怜,20ヴェルファイア,2月,43,2029/09/06,51000,0,51000,38250,12750,通常
2,松本 怜,20ヴェルファイア,2月,44,2029/10/06,51000,0,51000,38250,12750,通常
2,松本 怜,20ヴェルファイア,2月,45,2029/11/06,51000,0,51000,38250,12750,通常
2,松本 怜,20ヴェルファイア,2月,46,2029/12/06,51000,0,51000,38250,12750,通常
2,松本 怜,20ヴェルファイア,2月,47,2030/01/06,51000,0,51000,38250,12750,通常
2,松本 怜,20ヴェルファイア,2月,48,2030/02/06,51000,0,51000,38250,12750,通常
3,村上 愉一郎,30プリウス バイオレット,2月,1,2026/03/27,28300,0,28300,21225,7075,通常
3,村上 愉一郎,30プリウス バイオレット,2月,2,2026/04/27,28300,0,28300,21225,7075,通常
3,村上 愉一郎,30プリウス バイオレット,2月,3,2026/05/27,28300,0,28300,21225,7075,通常
3,村上 愉一郎,30プリウス バイオレット,2月,4,2026/06/27,28300,0,28300,21225,7075,通常
3,村上 愉一郎,30プリウス バイオレット,2月,5,2026/07/27,28300,0,28300,21225,7075,通常
3,村上 愉一郎,30プリウス バイオレット,2月,6,2026/08/27,28300,0,28300,21225,7075,通常
3,村上 愉一郎,30プリウス バイオレット,2月,7,2026/09/27,28300,0,28300,21225,7075,通常
3,村上 愉一郎,30プリウス バイオレット,2月,8,2026/10/27,28300,0,28300,21225,7075,通常
3,村上 愉一郎,30プリウス バイオレット,2月,9,2026/11/27,28300,0,28300,21225,7075,通常
3,村上 愉一郎,30プリウス バイオレット,2月,10,2026/12/27,28300,0,28300,21225,7075,通常
3,村上 愉一郎,30プリウス バイオレット,2月,11,2027/01/27,28300,0,28300,21225,7075,通常
3,村上 愉一郎,30プリウス バイオレット,2月,12,2027/02/27,28300,0,28300,21225,7075,通常
3,村上 愉一郎,30プリウス バイオレット,2月,13,2027/03/27,28300,0,28300,21225,7075,通常
3,村上 愉一郎,30プリウス バイオレット,2月,14,2027/04/27,28300,0,28300,21225,7075,通常
3,村上 愉一郎,30プリウス バイオレット,2月,15,2027/05/27,28300,0,28300,21225,7075,通常
3,村上 愉一郎,30プリウス バイオレット,2月,16,2027/06/27,28300,0,28300,21225,7075,通常
3,村上 愉一郎,30プリウス バイオレット,2月,17,2027/07/27,28300,0,28300,21225,7075,通常
3,村上 愉一郎,30プリウス バイオレット,2月,18,2027/08/27,28300,0,28300,21225,7075,通常
3,村上 愉一郎,30プリウス バイオレット,2月,19,2027/09/27,28300,0,28300,21225,7075,通常
3,村上 愉一郎,30プリウス バイオレット,2月,20,2027/10/27,28300,0,28300,21225,7075,通常
3,村上 愉一郎,30プリウス バイオレット,2月,21,2027/11/27,28300,0,28300,21225,7075,通常
3,村上 愉一郎,30プリウス バイオレット,2月,22,2027/12/27,28300,0,28300,21225,7075,通常
3,村上 愉一郎,30プリウス バイオレット,2月,23,2028/01/27,28300,0,28300,21225,7075,通常
3,村上 愉一郎,30プリウス バイオレット,2月,24,2028/02/27,28300,0,28300,21225,7075,通常
3,村上 愉一郎,30プリウス バイオレット,2月,25,2028/03/27,28300,0,28300,21225,7075,通常
3,村上 愉一郎,30プリウス バイオレット,2月,26,2028/04/27,28300,0,28300,21225,7075,通常
3,村上 愉一郎,30プリウス バイオレット,2月,27,2028/05/27,28300,0,28300,21225,7075,通常
3,村上 愉一郎,30プリウス バイオレット,2月,28,2028/06/27,28300,0,28300,21225,7075,通常
3,村上 愉一郎,30プリウス バイオレット,2月,29,2028/07/27,28300,0,28300,21225,7075,通常
3,村上 愉一郎,30プリウス バイオレット,2月,30,2028/08/27,28300,0,28300,21225,7075,通常
3,村上 愉一郎,30プリウス バイオレット,2月,31,2028/09/27,28300,0,28300,21225,7075,通常
3,村上 愉一郎,30プリウス バイオレット,2月,32,2028/10/27,28300,0,28300,21225,7075,通常
3,村上 愉一郎,30プリウス バイオレット,2月,33,2028/11/27,28300,0,28300,21225,7075,通常
3,村上 愉一郎,30プリウス バイオレット,2月,34,2028/12/27,28300,0,28300,21225,7075,通常
3,村上 愉一郎,30プリウス バイオレット,2月,35,2029/01/27,28300,0,28300,21225,7075,通常
3,村上 愉一郎,30プリウス バイオレット,2月,36,2029/02/27,28300,0,28300,21225,7075,通常
3,村上 愉一郎,30プリウス バイオレット,2月,37,2029/03/27,28300,0,28300,21225,7075,通常
3,村上 愉一郎,30プリウス バイオレット,2月,38,2029/04/27,28300,0,28300,21225,7075,通常
3,村上 愉一郎,30プリウス バイオレット,2月,39,2029/05/27,28300,0,28300,21225,7075,通常
3,村上 愉一郎,30プリウス バイオレット,2月,40,2029/06/27,28300,0,28300,21225,7075,通常
3,村上 愉一郎,30プリウス バイオレット,2月,41,2029/07/27,28300,0,28300,21225,7075,通常
3,村上 愉一郎,30プリウス バイオレット,2月,42,2029/08/27,28300,0,28300,21225,7075,通常
3,村上 愉一郎,30プリウス バイオレット,2月,43,2029/09/27,28300,0,28300,21225,7075,通常
3,村上 愉一郎,30プリウス バイオレット,2月,44,2029/10/27,28300,0,28300,21225,7075,通常
3,村上 愉一郎,30プリウス バイオレット,2月,45,2029/11/27,28300,0,28300,21225,7075,通常
3,村上 愉一郎,30プリウス バイオレット,2月,46,2029/12/27,28300,0,28300,21225,7075,通常
3,村上 愉一郎,30プリウス バイオレット,2月,47,2030/01/27,28300,0,28300,21225,7075,通常
3,村上 愉一郎,30プリウス バイオレット,2月,48,2030/02/27,28300,0,28300,21225,7075,通常
4,梅木光治藤田カナ,タントカスタム,2月,1,2026/03/27,43500,0,43500,32625,10875,通常
4,梅木光治藤田カナ,タントカスタム,2月,2,2026/04/27,43500,0,43500,32625,10875,通常
4,梅木光治藤田カナ,タントカスタム,2月,3,2026/05/27,43500,0,43500,32625,10875,通常
4,梅木光治藤田カナ,タントカスタム,2月,4,2026/06/27,43500,0,43500,32625,10875,通常
4,梅木光治藤田カナ,タントカスタム,2月,5,2026/07/27,43500,0,43500,32625,10875,通常
4,梅木光治藤田カナ,タントカスタム,2月,6,2026/08/27,43500,0,43500,32625,10875,通常
4,梅木光治藤田カナ,タントカスタム,2月,7,2026/09/27,43500,0,43500,32625,10875,通常
4,梅木光治藤田カナ,タントカスタム,2月,8,2026/10/27,43500,0,43500,32625,10875,通常
4,梅木光治藤田カナ,タントカスタム,2月,9,2026/11/27,43500,0,43500,32625,10875,通常
4,梅木光治藤田カナ,タントカスタム,2月,10,2026/12/27,43500,0,43500,32625,10875,通常
4,梅木光治藤田カナ,タントカスタム,2月,11,2027/01/27,43500,0,43500,32625,10875,通常
4,梅木光治藤田カナ,タントカスタム,2月,12,2027/02/27,43500,0,43500,32625,10875,通常
4,梅木光治藤田カナ,タントカスタム,2月,13,2027/03/27,43500,0,43500,32625,10875,通常
4,梅木光治藤田カナ,タントカスタム,2月,14,2027/04/27,43500,0,43500,32625,10875,通常
4,梅木光治藤田カナ,タントカスタム,2月,15,2027/05/27,43500,0,43500,32625,10875,通常
4,梅木光治藤田カナ,タントカスタム,2月,16,2027/06/27,43500,0,43500,32625,10875,通常
4,梅木光治藤田カナ,タントカスタム,2月,17,2027/07/27,43500,0,43500,32625,10875,通常
4,梅木光治藤田カナ,タントカスタム,2月,18,2027/08/27,43500,0,43500,32625,10875,通常
4,梅木光治藤田カナ,タントカスタム,2月,19,2027/09/27,43500,0,43500,32625,10875,通常
4,梅木光治藤田カナ,タントカスタム,2月,20,2027/10/27,43500,0,43500,32625,10875,通常
4,梅木光治藤田カナ,タントカスタム,2月,21,2027/11/27,43500,0,43500,32625,10875,通常
4,梅木光治藤田カナ,タントカスタム,2月,22,2027/12/27,43500,0,43500,32625,10875,通常
4,梅木光治藤田カナ,タントカスタム,2月,23,2028/01/27,43500,0,43500,32625,10875,通常
4,梅木光治藤田カナ,タントカスタム,2月,24,2028/02/27,43500,0,43500,32625,10875,通常
4,梅木光治藤田カナ,タントカスタム,2月,25,2028/03/27,43500,0,43500,32625,10875,通常
4,梅木光治藤田カナ,タントカスタム,2月,26,2028/04/27,43500,0,43500,32625,10875,通常
4,梅木光治藤田カナ,タントカスタム,2月,27,2028/05/27,43500,0,43500,32625,10875,通常
4,梅木光治藤田カナ,タントカスタム,2月,28,2028/06/27,43500,0,43500,32625,10875,通常
4,梅木光治藤田カナ,タントカスタム,2月,29,2028/07/27,43500,0,43500,32625,10875,通常
4,梅木光治藤田カナ,タントカスタム,2月,30,2028/08/27,43500,0,43500,32625,10875,通常
4,梅木光治藤田カナ,タントカスタム,2月,31,2028/09/27,43500,0,43500,32625,10875,通常
4,梅木光治藤田カナ,タントカスタム,2月,32,2028/10/27,43500,0,43500,32625,10875,通常
4,梅木光治藤田カナ,タントカスタム,2月,33,2028/11/27,43500,0,43500,32625,10875,通常
4,梅木光治藤田カナ,タントカスタム,2月,34,2028/12/27,43500,0,43500,32625,10875,通常
4,梅木光治藤田カナ,タントカスタム,2月,35,2029/01/27,43500,0,43500,32625,10875,通常
4,梅木光治藤田カナ,タントカスタム,2月,36,2029/02/27,43500,0,43500,32625,10875,通常
4,梅木光治藤田カナ,タントカスタム,2月,37,2029/03/27,43500,0,43500,32625,10875,通常
4,梅木光治藤田カナ,タントカスタム,2月,38,2029/04/27,43500,0,43500,32625,10875,通常
4,梅木光治藤田カナ,タントカスタム,2月,39,2029/05/27,43500,0,43500,32625,10875,通常
4,梅木光治藤田カナ,タントカスタム,2月,40,2029/06/27,43500,0,43500,32625,10875,通常
4,梅木光治藤田カナ,タントカスタム,2月,41,2029/07/27,43500,0,43500,32625,10875,通常
4,梅木光治藤田カナ,タントカスタム,2月,42,2029/08/27,43500,0,43500,32625,10875,通常
4,梅木光治藤田カナ,タントカスタム,2月,43,2029/09/27,43500,0,43500,32625,10875,通常
4,梅木光治藤田カナ,タントカスタム,2月,44,2029/10/27,43500,0,43500,32625,10875,通常
4,梅木光治藤田カナ,タントカスタム,2月,45,2029/11/27,43500,0,43500,32625,10875,通常
4,梅木光治藤田カナ,タントカスタム,2月,46,2029/12/27,43500,0,43500,32625,10875,通常
4,梅木光治藤田カナ,タントカスタム,2月,47,2030/01/27,43500,0,43500,32625,10875,通常
4,梅木光治藤田カナ,タントカスタム,2月,48,2030/02/27,43500,0,43500,32625,10875,通常
5,後藤 矢雲,CX5 白,2月,1,2026/03/27,48000,0,48000,36000,12000,回収
5,後藤 矢雲,CX5 白,2月,2,2026/04/27,48000,0,48000,36000,12000,回収
5,後藤 矢雲,CX5 白,2月,3,2026/05/27,48000,0,48000,36000,12000,回収
5,後藤 矢雲,CX5 白,2月,4,2026/06/27,48000,0,48000,36000,12000,回収
5,後藤 矢雲,CX5 白,2月,5,2026/07/27,48000,0,48000,36000,12000,回収
5,後藤 矢雲,CX5 白,2月,6,2026/08/27,48000,0,48000,36000,12000,回収
5,後藤 矢雲,CX5 白,2月,7,2026/09/27,48000,0,48000,36000,12000,回収
5,後藤 矢雲,CX5 白,2月,8,2026/10/27,48000,0,48000,36000,12000,回収
5,後藤 矢雲,CX5 白,2月,9,2026/11/27,48000,0,48000,36000,12000,回収
5,後藤 矢雲,CX5 白,2月,10,2026/12/27,48000,0,48000,36000,12000,回収
5,後藤 矢雲,CX5 白,2月,11,2027/01/27,48000,0,48000,36000,12000,回収
5,後藤 矢雲,CX5 白,2月,12,2027/02/27,48000,0,48000,36000,12000,回収
5,後藤 矢雲,CX5 白,2月,13,2027/03/27,48000,0,48000,36000,12000,回収
5,後藤 矢雲,CX5 白,2月,14,2027/04/27,48000,0,48000,36000,12000,回収
5,後藤 矢雲,CX5 白,2月,15,2027/05/27,48000,0,48000,36000,12000,回収
5,後藤 矢雲,CX5 白,2月,16,2027/06/27,48000,0,48000,36000,12000,回収
5,後藤 矢雲,CX5 白,2月,17,2027/07/27,48000,0,48000,36000,12000,回収
5,後藤 矢雲,CX5 白,2月,18,2027/08/27,48000,0,48000,36000,12000,回収
5,後藤 矢雲,CX5 白,2月,19,2027/09/27,48000,0,48000,36000,12000,回収
5,後藤 矢雲,CX5 白,2月,20,2027/10/27,48000,0,48000,36000,12000,回収
5,後藤 矢雲,CX5 白,2月,21,2027/11/27,48000,0,48000,36000,12000,回収
5,後藤 矢雲,CX5 白,2月,22,2027/12/27,48000,0,48000,36000,12000,回収
5,後藤 矢雲,CX5 白,2月,23,2028/01/27,48000,0,48000,36000,12000,回収
5,後藤 矢雲,CX5 白,2月,24,2028/02/27,48000,0,48000,36000,12000,回収
5,後藤 矢雲,CX5 白,2月,25,2028/03/27,48000,0,48000,36000,12000,回収
5,後藤 矢雲,CX5 白,2月,26,2028/04/27,48000,0,48000,36000,12000,回収
5,後藤 矢雲,CX5 白,2月,27,2028/05/27,48000,0,48000,36000,12000,回収
5,後藤 矢雲,CX5 白,2月,28,2028/06/27,48000,0,48000,36000,12000,回収
5,後藤 矢雲,CX5 白,2月,29,2028/07/27,48000,0,48000,36000,12000,回収
5,後藤 矢雲,CX5 白,2月,30,2028/08/27,48000,0,48000,36000,12000,回収
5,後藤 矢雲,CX5 白,2月,31,2028/09/27,48000,0,48000,36000,12000,回収
5,後藤 矢雲,CX5 白,2月,32,2028/10/27,48000,0,48000,36000,12000,回収
5,後藤 矢雲,CX5 白,2月,33,2028/11/27,48000,0,48000,36000,12000,回収
5,後藤 矢雲,CX5 白,2月,34,2028/12/27,48000,0,48000,36000,12000,回収
5,後藤 矢雲,CX5 白,2月,35,2029/01/27,48000,0,48000,36000,12000,回収
5,後藤 矢雲,CX5 白,2月,36,2029/02/27,48000,0,48000,36000,12000,回収
5,後藤 矢雲,CX5 白,2月,37,2029/03/27,48000,0,48000,36000,12000,回収
5,後藤 矢雲,CX5 白,2月,38,2029/04/27,48000,0,48000,36000,12000,回収
5,後藤 矢雲,CX5 白,2月,39,2029/05/27,48000,0,48000,36000,12000,回収
5,後藤 矢雲,CX5 白,2月,40,2029/06/27,48000,0,48000,36000,12000,回収
5,後藤 矢雲,CX5 白,2月,41,2029/07/27,48000,0,48000,36000,12000,回収
5,後藤 矢雲,CX5 白,2月,42,2029/08/27,48000,0,48000,36000,12000,回収
5,後藤 矢雲,CX5 白,2月,43,2029/09/27,48000,0,48000,36000,12000,回収
5,後藤 矢雲,CX5 白,2月,44,2029/10/27,48000,0,48000,36000,12000,回収
5,後藤 矢雲,CX5 白,2月,45,2029/11/27,48000,0,48000,36000,12000,回収
5,後藤 矢雲,CX5 白,2月,46,2029/12/27,48000,0,48000,36000,12000,回収
5,後藤 矢雲,CX5 白,2月,47,2030/01/27,48000,0,48000,36000,12000,回収
5,後藤 矢雲,CX5 白,2月,48,2030/02/27,48000,0,48000,36000,12000,回収
6,松永 絢平,CX5 コン,2月,1,2026/03/27,46000,0,46000,34500,11500,通常
6,松永 絢平,CX5 コン,2月,2,2026/04/27,46000,0,46000,34500,11500,通常
6,松永 絢平,CX5 コン,2月,3,2026/05/27,46000,0,46000,34500,11500,通常
6,松永 絢平,CX5 コン,2月,4,2026/06/27,46000,0,46000,34500,11500,通常
6,松永 絢平,CX5 コン,2月,5,2026/07/27,46000,0,46000,34500,11500,通常
6,松永 絢平,CX5 コン,2月,6,2026/08/27,46000,0,46000,34500,11500,通常
6,松永 絢平,CX5 コン,2月,7,2026/09/27,46000,0,46000,34500,11500,通常
6,松永 絢平,CX5 コン,2月,8,2026/10/27,46000,0,46000,34500,11500,通常
6,松永 絢平,CX5 コン,2月,9,2026/11/27,46000,0,46000,34500,11500,通常
6,松永 絢平,CX5 コン,2月,10,2026/12/27,46000,0,46000,34500,11500,通常
6,松永 絢平,CX5 コン,2月,11,2027/01/27,46000,0,46000,34500,11500,通常
6,松永 絢平,CX5 コン,2月,12,2027/02/27,46000,0,46000,34500,11500,通常
6,松永 絢平,CX5 コン,2月,13,2027/03/27,46000,0,46000,34500,11500,通常
6,松永 絢平,CX5 コン,2月,14,2027/04/27,46000,0,46000,34500,11500,通常
6,松永 絢平,CX5 コン,2月,15,2027/05/27,46000,0,46000,34500,11500,通常
6,松永 絢平,CX5 コン,2月,16,2027/06/27,46000,0,46000,34500,11500,通常
6,松永 絢平,CX5 コン,2月,17,2027/07/27,46000,0,46000,34500,11500,通常
6,松永 絢平,CX5 コン,2月,18,2027/08/27,46000,0,46000,34500,11500,通常
6,松永 絢平,CX5 コン,2月,19,2027/09/27,46000,0,46000,34500,11500,通常
6,松永 絢平,CX5 コン,2月,20,2027/10/27,46000,0,46000,34500,11500,通常
6,松永 絢平,CX5 コン,2月,21,2027/11/27,46000,0,46000,34500,11500,通常
6,松永 絢平,CX5 コン,2月,22,2027/12/27,46000,0,46000,34500,11500,通常
6,松永 絢平,CX5 コン,2月,23,2028/01/27,46000,0,46000,34500,11500,通常
6,松永 絢平,CX5 コン,2月,24,2028/02/27,46000,0,46000,34500,11500,通常
6,松永 絢平,CX5 コン,2月,25,2028/03/27,46000,0,46000,34500,11500,通常
6,松永 絢平,CX5 コン,2月,26,2028/04/27,46000,0,46000,34500,11500,通常
6,松永 絢平,CX5 コン,2月,27,2028/05/27,46000,0,46000,34500,11500,通常
6,松永 絢平,CX5 コン,2月,28,2028/06/27,46000,0,46000,34500,11500,通常
6,松永 絢平,CX5 コン,2月,29,2028/07/27,46000,0,46000,34500,11500,通常
6,松永 絢平,CX5 コン,2月,30,2028/08/27,46000,0,46000,34500,11500,通常
6,松永 絢平,CX5 コン,2月,31,2028/09/27,46000,0,46000,34500,11500,通常
6,松永 絢平,CX5 コン,2月,32,2028/10/27,46000,0,46000,34500,11500,通常
6,松永 絢平,CX5 コン,2月,33,2028/11/27,46000,0,46000,34500,11500,通常
6,松永 絢平,CX5 コン,2月,34,2028/12/27,46000,0,46000,34500,11500,通常
6,松永 絢平,CX5 コン,2月,35,2029/01/27,46000,0,46000,34500,11500,通常
6,松永 絢平,CX5 コン,2月,36,2029/02/27,46000,0,46000,34500,11500,通常
6,松永 絢平,CX5 コン,2月,37,2029/03/27,46000,0,46000,34500,11500,通常
6,松永 絢平,CX5 コン,2月,38,2029/04/27,46000,0,46000,34500,11500,通常
6,松永 絢平,CX5 コン,2月,39,2029/05/27,46000,0,46000,34500,11500,通常
6,松永 絢平,CX5 コン,2月,40,2029/06/27,46000,0,46000,34500,11500,通常
6,松永 絢平,CX5 コン,2月,41,2029/07/27,46000,0,46000,34500,11500,通常
6,松永 絢平,CX5 コン,2月,42,2029/08/27,46000,0,46000,34500,11500,通常
6,松永 絢平,CX5 コン,2月,43,2029/09/27,46000,0,46000,34500,11500,通常
6,松永 絢平,CX5 コン,2月,44,2029/10/27,46000,0,46000,34500,11500,通常
6,松永 絢平,CX5 コン,2月,45,2029/11/27,46000,0,46000,34500,11500,通常
6,松永 絢平,CX5 コン,2月,46,2029/12/27,46000,0,46000,34500,11500,通常
6,松永 絢平,CX5 コン,2月,47,2030/01/27,46000,0,46000,34500,11500,通常
6,松永 絢平,CX5 コン,2月,48,2030/02/27,46000,0,46000,34500,11500,通常
7,山下 浩二,ノート,2月,1,2026/03/27,31500,0,31500,23625,7875,通常
7,山下 浩二,ノート,2月,2,2026/04/27,31500,0,31500,23625,7875,通常
7,山下 浩二,ノート,2月,3,2026/05/27,31500,0,31500,23625,7875,通常
7,山下 浩二,ノート,2月,4,2026/06/27,31500,0,31500,23625,7875,通常
7,山下 浩二,ノート,2月,5,2026/07/27,31500,0,31500,23625,7875,通常
7,山下 浩二,ノート,2月,6,2026/08/27,31500,0,31500,23625,7875,通常
7,山下 浩二,ノート,2月,7,2026/09/27,31500,0,31500,23625,7875,通常
7,山下 浩二,ノート,2月,8,2026/10/27,31500,0,31500,23625,7875,通常
7,山下 浩二,ノート,2月,9,2026/11/27,31500,0,31500,23625,7875,通常
7,山下 浩二,ノート,2月,10,2026/12/27,31500,0,31500,23625,7875,通常
7,山下 浩二,ノート,2月,11,2027/01/27,31500,0,31500,23625,7875,通常
7,山下 浩二,ノート,2月,12,2027/02/27,31500,0,31500,23625,7875,通常
7,山下 浩二,ノート,2月,13,2027/03/27,31500,0,31500,23625,7875,通常
7,山下 浩二,ノート,2月,14,2027/04/27,31500,0,31500,23625,7875,通常
7,山下 浩二,ノート,2月,15,2027/05/27,31500,0,31500,23625,7875,通常
7,山下 浩二,ノート,2月,16,2027/06/27,31500,0,31500,23625,7875,通常
7,山下 浩二,ノート,2月,17,2027/07/27,31500,0,31500,23625,7875,通常
7,山下 浩二,ノート,2月,18,2027/08/27,31500,0,31500,23625,7875,通常
7,山下 浩二,ノート,2月,19,2027/09/27,31500,0,31500,23625,7875,通常
7,山下 浩二,ノート,2月,20,2027/10/27,31500,0,31500,23625,7875,通常
7,山下 浩二,ノート,2月,21,2027/11/27,31500,0,31500,23625,7875,通常
7,山下 浩二,ノート,2月,22,2027/12/27,31500,0,31500,23625,7875,通常
7,山下 浩二,ノート,2月,23,2028/01/27,31500,0,31500,23625,7875,通常
7,山下 浩二,ノート,2月,24,2028/02/27,31500,0,31500,23625,7875,通常
7,山下 浩二,ノート,2月,25,2028/03/27,31500,0,31500,23625,7875,通常
7,山下 浩二,ノート,2月,26,2028/04/27,31500,0,31500,23625,7875,通常
7,山下 浩二,ノート,2月,27,2028/05/27,31500,0,31500,23625,7875,通常
7,山下 浩二,ノート,2月,28,2028/06/27,31500,0,31500,23625,7875,通常
7,山下 浩二,ノート,2月,29,2028/07/27,31500,0,31500,23625,7875,通常
7,山下 浩二,ノート,2月,30,2028/08/27,31500,0,31500,23625,7875,通常
7,山下 浩二,ノート,2月,31,2028/09/27,31500,0,31500,23625,7875,通常
7,山下 浩二,ノート,2月,32,2028/10/27,31500,0,31500,23625,7875,通常
7,山下 浩二,ノート,2月,33,2028/11/27,31500,0,31500,23625,7875,通常
7,山下 浩二,ノート,2月,34,2028/12/27,31500,0,31500,23625,7875,通常
7,山下 浩二,ノート,2月,35,2029/01/27,31500,0,31500,23625,7875,通常
7,山下 浩二,ノート,2月,36,2029/02/27,31500,0,31500,23625,7875,通常
7,山下 浩二,ノート,2月,37,2029/03/27,31500,0,31500,23625,7875,通常
7,山下 浩二,ノート,2月,38,2029/04/27,31500,0,31500,23625,7875,通常
7,山下 浩二,ノート,2月,39,2029/05/27,31500,0,31500,23625,7875,通常
7,山下 浩二,ノート,2月,40,2029/06/27,31500,0,31500,23625,7875,通常
7,山下 浩二,ノート,2月,41,2029/07/27,31500,0,31500,23625,7875,通常
7,山下 浩二,ノート,2月,42,2029/08/27,31500,0,31500,23625,7875,通常
7,山下 浩二,ノート,2月,43,2029/09/27,31500,0,31500,23625,7875,通常
7,山下 浩二,ノート,2月,44,2029/10/27,31500,0,31500,23625,7875,通常
7,山下 浩二,ノート,2月,45,2029/11/27,31500,0,31500,23625,7875,通常
7,山下 浩二,ノート,2月,46,2029/12/27,31500,0,31500,23625,7875,通常
7,山下 浩二,ノート,2月,47,2030/01/27,31500,0,31500,23625,7875,通常
7,山下 浩二,ノート,2月,48,2030/02/27,31500,0,31500,23625,7875,通常
8,清島 亜由,NBOX 白,2月,1,2026/03/27,35035,0,35035,26276,8759,回収
8,清島 亜由,NBOX 白,2月,2,2026/04/27,35035,0,35035,26276,8759,回収
8,清島 亜由,NBOX 白,2月,3,2026/05/27,35035,0,35035,26276,8759,回収
8,清島 亜由,NBOX 白,2月,4,2026/06/27,35035,0,35035,26276,8759,回収
8,清島 亜由,NBOX 白,2月,5,2026/07/27,35035,0,35035,26276,8759,回収
8,清島 亜由,NBOX 白,2月,6,2026/08/27,35035,0,35035,26276,8759,回収
8,清島 亜由,NBOX 白,2月,7,2026/09/27,35035,0,35035,26276,8759,回収
8,清島 亜由,NBOX 白,2月,8,2026/10/27,35035,0,35035,26276,8759,回収
8,清島 亜由,NBOX 白,2月,9,2026/11/27,35035,0,35035,26276,8759,回収
8,清島 亜由,NBOX 白,2月,10,2026/12/27,35035,0,35035,26276,8759,回収
8,清島 亜由,NBOX 白,2月,11,2027/01/27,35035,0,35035,26276,8759,回収
8,清島 亜由,NBOX 白,2月,12,2027/02/27,35035,0,35035,26276,8759,回収
8,清島 亜由,NBOX 白,2月,13,2027/03/27,35035,0,35035,26276,8759,回収
8,清島 亜由,NBOX 白,2月,14,2027/04/27,35035,0,35035,26276,8759,回収
8,清島 亜由,NBOX 白,2月,15,2027/05/27,35035,0,35035,26276,8759,回収
8,清島 亜由,NBOX 白,2月,16,2027/06/27,35035,0,35035,26276,8759,回収
8,清島 亜由,NBOX 白,2月,17,2027/07/27,35035,0,35035,26276,8759,回収
8,清島 亜由,NBOX 白,2月,18,2027/08/27,35035,0,35035,26276,8759,回収
8,清島 亜由,NBOX 白,2月,19,2027/09/27,35035,0,35035,26276,8759,回収
8,清島 亜由,NBOX 白,2月,20,2027/10/27,35035,0,35035,26276,8759,回収
8,清島 亜由,NBOX 白,2月,21,2027/11/27,35035,0,35035,26276,8759,回収
8,清島 亜由,NBOX 白,2月,22,2027/12/27,35035,0,35035,26276,8759,回収
8,清島 亜由,NBOX 白,2月,23,2028/01/27,35035,0,35035,26276,8759,回収
8,清島 亜由,NBOX 白,2月,24,2028/02/27,35035,0,35035,26276,8759,回収
8,清島 亜由,NBOX 白,2月,25,2028/03/27,35035,0,35035,26276,8759,回収
8,清島 亜由,NBOX 白,2月,26,2028/04/27,35035,0,35035,26276,8759,回収
8,清島 亜由,NBOX 白,2月,27,2028/05/27,35035,0,35035,26276,8759,回収
8,清島 亜由,NBOX 白,2月,28,2028/06/27,35035,0,35035,26276,8759,回収
8,清島 亜由,NBOX 白,2月,29,2028/07/27,35035,0,35035,26276,8759,回収
8,清島 亜由,NBOX 白,2月,30,2028/08/27,35035,0,35035,26276,8759,回収
8,清島 亜由,NBOX 白,2月,31,2028/09/27,35035,0,35035,26276,8759,回収
8,清島 亜由,NBOX 白,2月,32,2028/10/27,35035,0,35035,26276,8759,回収
8,清島 亜由,NBOX 白,2月,33,2028/11/27,35035,0,35035,26276,8759,回収
8,清島 亜由,NBOX 白,2月,34,2028/12/27,35035,0,35035,26276,8759,回収
8,清島 亜由,NBOX 白,2月,35,2029/01/27,35035,0,35035,26276,8759,回収
8,清島 亜由,NBOX 白,2月,36,2029/02/27,35035,0,35035,26276,8759,回収
8,清島 亜由,NBOX 白,2月,37,2029/03/27,35035,0,35035,26276,8759,回収
8,清島 亜由,NBOX 白,2月,38,2029/04/27,35035,0,35035,26276,8759,回収
8,清島 亜由,NBOX 白,2月,39,2029/05/27,35035,0,35035,26276,8759,回収
8,清島 亜由,NBOX 白,2月,40,2029/06/27,35035,0,35035,26276,8759,回収
8,清島 亜由,NBOX 白,2月,41,2029/07/27,35035,0,35035,26276,8759,回収
8,清島 亜由,NBOX 白,2月,42,2029/08/27,35035,0,35035,26276,8759,回収
8,清島 亜由,NBOX 白,2月,43,2029/09/27,35035,0,35035,26276,8759,回収
8,清島 亜由,NBOX 白,2月,44,2029/10/27,35035,0,35035,26276,8759,回収
8,清島 亜由,NBOX 白,2月,45,2029/11/27,35035,0,35035,26276,8759,回収
8,清島 亜由,NBOX 白,2月,46,2029/12/27,35035,0,35035,26276,8759,回収
8,清島 亜由,NBOX 白,2月,47,2030/01/27,35035,0,35035,26276,8759,回収
8,清島 亜由,NBOX 白,2月,48,2030/02/27,35035,0,35035,26276,8759,回収
9,松尾 巧,30プリウス 黒,2月,1,2026/03/27,34666,0,34666,26000,8666,通常
9,松尾 巧,30プリウス 黒,2月,2,2026/04/27,34666,0,34666,26000,8666,通常
9,松尾 巧,30プリウス 黒,2月,3,2026/05/27,34666,0,34666,26000,8666,通常
9,松尾 巧,30プリウス 黒,2月,4,2026/06/27,34666,0,34666,26000,8666,通常
9,松尾 巧,30プリウス 黒,2月,5,2026/07/27,34666,0,34666,26000,8666,通常
9,松尾 巧,30プリウス 黒,2月,6,2026/08/27,34666,0,34666,26000,8666,通常
9,松尾 巧,30プリウス 黒,2月,7,2026/09/27,34666,0,34666,26000,8666,通常
9,松尾 巧,30プリウス 黒,2月,8,2026/10/27,34666,0,34666,26000,8666,通常
9,松尾 巧,30プリウス 黒,2月,9,2026/11/27,34666,0,34666,26000,8666,通常
9,松尾 巧,30プリウス 黒,2月,10,2026/12/27,34666,0,34666,26000,8666,通常
9,松尾 巧,30プリウス 黒,2月,11,2027/01/27,34666,0,34666,26000,8666,通常
9,松尾 巧,30プリウス 黒,2月,12,2027/02/27,34666,0,34666,26000,8666,通常
9,松尾 巧,30プリウス 黒,2月,13,2027/03/27,34666,0,34666,26000,8666,通常
9,松尾 巧,30プリウス 黒,2月,14,2027/04/27,34666,0,34666,26000,8666,通常
9,松尾 巧,30プリウス 黒,2月,15,2027/05/27,34666,0,34666,26000,8666,通常
9,松尾 巧,30プリウス 黒,2月,16,2027/06/27,34666,0,34666,26000,8666,通常
9,松尾 巧,30プリウス 黒,2月,17,2027/07/27,34666,0,34666,26000,8666,通常
9,松尾 巧,30プリウス 黒,2月,18,2027/08/27,34666,0,34666,26000,8666,通常
9,松尾 巧,30プリウス 黒,2月,19,2027/09/27,34666,0,34666,26000,8666,通常
9,松尾 巧,30プリウス 黒,2月,20,2027/10/27,34666,0,34666,26000,8666,通常
9,松尾 巧,30プリウス 黒,2月,21,2027/11/27,34666,0,34666,26000,8666,通常
9,松尾 巧,30プリウス 黒,2月,22,2027/12/27,34666,0,34666,26000,8666,通常
9,松尾 巧,30プリウス 黒,2月,23,2028/01/27,34666,0,34666,26000,8666,通常
9,松尾 巧,30プリウス 黒,2月,24,2028/02/27,34666,0,34666,26000,8666,通常
9,松尾 巧,30プリウス 黒,2月,25,2028/03/27,34666,0,34666,26000,8666,通常
9,松尾 巧,30プリウス 黒,2月,26,2028/04/27,34666,0,34666,26000,8666,通常
9,松尾 巧,30プリウス 黒,2月,27,2028/05/27,34666,0,34666,26000,8666,通常
9,松尾 巧,30プリウス 黒,2月,28,2028/06/27,34666,0,34666,26000,8666,通常
9,松尾 巧,30プリウス 黒,2月,29,2028/07/27,34666,0,34666,26000,8666,通常
9,松尾 巧,30プリウス 黒,2月,30,2028/08/27,34666,0,34666,26000,8666,通常
9,松尾 巧,30プリウス 黒,2月,31,2028/09/27,34666,0,34666,26000,8666,通常
9,松尾 巧,30プリウス 黒,2月,32,2028/10/27,34666,0,34666,26000,8666,通常
9,松尾 巧,30プリウス 黒,2月,33,2028/11/27,34666,0,34666,26000,8666,通常
9,松尾 巧,30プリウス 黒,2月,34,2028/12/27,34666,0,34666,26000,8666,通常
9,松尾 巧,30プリウス 黒,2月,35,2029/01/27,34666,0,34666,26000,8666,通常
9,松尾 巧,30プリウス 黒,2月,36,2029/02/27,34666,0,34666,26000,8666,通常
9,松尾 巧,30プリウス 黒,2月,37,2029/03/27,34666,0,34666,26000,8666,通常
9,松尾 巧,30プリウス 黒,2月,38,2029/04/27,34666,0,34666,26000,8666,通常
9,松尾 巧,30プリウス 黒,2月,39,2029/05/27,34666,0,34666,26000,8666,通常
9,松尾 巧,30プリウス 黒,2月,40,2029/06/27,34666,0,34666,26000,8666,通常
9,松尾 巧,30プリウス 黒,2月,41,2029/07/27,34666,0,34666,26000,8666,通常
9,松尾 巧,30プリウス 黒,2月,42,2029/08/27,34666,0,34666,26000,8666,通常
9,松尾 巧,30プリウス 黒,2月,43,2029/09/27,34666,0,34666,26000,8666,通常
9,松尾 巧,30プリウス 黒,2月,44,2029/10/27,34666,0,34666,26000,8666,通常
9,松尾 巧,30プリウス 黒,2月,45,2029/11/27,34666,0,34666,26000,8666,通常
9,松尾 巧,30プリウス 黒,2月,46,2029/12/27,34666,0,34666,26000,8666,通常
9,松尾 巧,30プリウス 黒,2月,47,2030/01/27,34666,0,34666,26000,8666,通常
9,松尾 巧,30プリウス 黒,2月,48,2030/02/27,34666,0,34666,26000,8666,通常
10,田代 陵升,プリウスアルファ 青,3月,1,2026/04/27,50000,0,50000,37500,12500,通常
10,田代 陵升,プリウスアルファ 青,3月,2,2026/05/27,50000,0,50000,37500,12500,通常
10,田代 陵升,プリウスアルファ 青,3月,3,2026/06/27,50000,0,50000,37500,12500,通常
10,田代 陵升,プリウスアルファ 青,3月,4,2026/07/27,50000,0,50000,37500,12500,通常
10,田代 陵升,プリウスアルファ 青,3月,5,2026/08/27,50000,0,50000,37500,12500,通常
10,田代 陵升,プリウスアルファ 青,3月,6,2026/09/27,50000,0,50000,37500,12500,通常
10,田代 陵升,プリウスアルファ 青,3月,7,2026/10/27,50000,0,50000,37500,12500,通常
10,田代 陵升,プリウスアルファ 青,3月,8,2026/11/27,50000,0,50000,37500,12500,通常
10,田代 陵升,プリウスアルファ 青,3月,9,2026/12/27,50000,0,50000,37500,12500,通常
10,田代 陵升,プリウスアルファ 青,3月,10,2027/01/27,50000,0,50000,37500,12500,通常
10,田代 陵升,プリウスアルファ 青,3月,11,2027/02/27,50000,0,50000,37500,12500,通常
10,田代 陵升,プリウスアルファ 青,3月,12,2027/03/27,50000,0,50000,37500,12500,通常
10,田代 陵升,プリウスアルファ 青,3月,13,2027/04/27,50000,0,50000,37500,12500,通常
10,田代 陵升,プリウスアルファ 青,3月,14,2027/05/27,50000,0,50000,37500,12500,通常
10,田代 陵升,プリウスアルファ 青,3月,15,2027/06/27,50000,0,50000,37500,12500,通常
10,田代 陵升,プリウスアルファ 青,3月,16,2027/07/27,50000,0,50000,37500,12500,通常
10,田代 陵升,プリウスアルファ 青,3月,17,2027/08/27,50000,0,50000,37500,12500,通常
10,田代 陵升,プリウスアルファ 青,3月,18,2027/09/27,50000,0,50000,37500,12500,通常
10,田代 陵升,プリウスアルファ 青,3月,19,2027/10/27,50000,0,50000,37500,12500,通常
10,田代 陵升,プリウスアルファ 青,3月,20,2027/11/27,50000,0,50000,37500,12500,通常
10,田代 陵升,プリウスアルファ 青,3月,21,2027/12/27,50000,0,50000,37500,12500,通常
10,田代 陵升,プリウスアルファ 青,3月,22,2028/01/27,50000,0,50000,37500,12500,通常
10,田代 陵升,プリウスアルファ 青,3月,23,2028/02/27,50000,0,50000,37500,12500,通常
10,田代 陵升,プリウスアルファ 青,3月,24,2028/03/27,50000,0,50000,37500,12500,通常
10,田代 陵升,プリウスアルファ 青,3月,25,2028/04/27,50000,0,50000,37500,12500,通常
10,田代 陵升,プリウスアルファ 青,3月,26,2028/05/27,50000,0,50000,37500,12500,通常
10,田代 陵升,プリウスアルファ 青,3月,27,2028/06/27,50000,0,50000,37500,12500,通常
10,田代 陵升,プリウスアルファ 青,3月,28,2028/07/27,50000,0,50000,37500,12500,通常
10,田代 陵升,プリウスアルファ 青,3月,29,2028/08/27,50000,0,50000,37500,12500,通常
10,田代 陵升,プリウスアルファ 青,3月,30,2028/09/27,50000,0,50000,37500,12500,通常
10,田代 陵升,プリウスアルファ 青,3月,31,2028/10/27,50000,0,50000,37500,12500,通常
10,田代 陵升,プリウスアルファ 青,3月,32,2028/11/27,50000,0,50000,37500,12500,通常
10,田代 陵升,プリウスアルファ 青,3月,33,2028/12/27,50000,0,50000,37500,12500,通常
10,田代 陵升,プリウスアルファ 青,3月,34,2029/01/27,50000,0,50000,37500,12500,通常
10,田代 陵升,プリウスアルファ 青,3月,35,2029/02/27,50000,0,50000,37500,12500,通常
10,田代 陵升,プリウスアルファ 青,3月,36,2029/03/27,50000,0,50000,37500,12500,通常
10,田代 陵升,プリウスアルファ 青,3月,37,2029/04/27,50000,0,50000,37500,12500,通常
10,田代 陵升,プリウスアルファ 青,3月,38,2029/05/27,50000,0,50000,37500,12500,通常
10,田代 陵升,プリウスアルファ 青,3月,39,2029/06/27,50000,0,50000,37500,12500,通常
10,田代 陵升,プリウスアルファ 青,3月,40,2029/07/27,50000,0,50000,37500,12500,通常
10,田代 陵升,プリウスアルファ 青,3月,41,2029/08/27,50000,0,50000,37500,12500,通常
10,田代 陵升,プリウスアルファ 青,3月,42,2029/09/27,50000,0,50000,37500,12500,通常
10,田代 陵升,プリウスアルファ 青,3月,43,2029/10/27,50000,0,50000,37500,12500,通常
10,田代 陵升,プリウスアルファ 青,3月,44,2029/11/27,50000,0,50000,37500,12500,通常
10,田代 陵升,プリウスアルファ 青,3月,45,2029/12/27,50000,0,50000,37500,12500,通常
10,田代 陵升,プリウスアルファ 青,3月,46,2030/01/27,50000,0,50000,37500,12500,通常
10,田代 陵升,プリウスアルファ 青,3月,47,2030/02/27,50000,0,50000,37500,12500,通常
10,田代 陵升,プリウスアルファ 青,3月,48,2030/03/27,50000,0,50000,37500,12500,通常
11,藤田 浩平,プリウスアルファ 白,3月,1,2026/04/27,46500,0,46500,34875,11625,通常
11,藤田 浩平,プリウスアルファ 白,3月,2,2026/05/27,46500,0,46500,34875,11625,通常
11,藤田 浩平,プリウスアルファ 白,3月,3,2026/06/27,46500,0,46500,34875,11625,通常
11,藤田 浩平,プリウスアルファ 白,3月,4,2026/07/27,46500,0,46500,34875,11625,通常
11,藤田 浩平,プリウスアルファ 白,3月,5,2026/08/27,46500,0,46500,34875,11625,通常
11,藤田 浩平,プリウスアルファ 白,3月,6,2026/09/27,46500,0,46500,34875,11625,通常
11,藤田 浩平,プリウスアルファ 白,3月,7,2026/10/27,46500,0,46500,34875,11625,通常
11,藤田 浩平,プリウスアルファ 白,3月,8,2026/11/27,46500,0,46500,34875,11625,通常
11,藤田 浩平,プリウスアルファ 白,3月,9,2026/12/27,46500,0,46500,34875,11625,通常
11,藤田 浩平,プリウスアルファ 白,3月,10,2027/01/27,46500,0,46500,34875,11625,通常
11,藤田 浩平,プリウスアルファ 白,3月,11,2027/02/27,46500,0,46500,34875,11625,通常
11,藤田 浩平,プリウスアルファ 白,3月,12,2027/03/27,46500,0,46500,34875,11625,通常
11,藤田 浩平,プリウスアルファ 白,3月,13,2027/04/27,46500,0,46500,34875,11625,通常
11,藤田 浩平,プリウスアルファ 白,3月,14,2027/05/27,46500,0,46500,34875,11625,通常
11,藤田 浩平,プリウスアルファ 白,3月,15,2027/06/27,46500,0,46500,34875,11625,通常
11,藤田 浩平,プリウスアルファ 白,3月,16,2027/07/27,46500,0,46500,34875,11625,通常
11,藤田 浩平,プリウスアルファ 白,3月,17,2027/08/27,46500,0,46500,34875,11625,通常
11,藤田 浩平,プリウスアルファ 白,3月,18,2027/09/27,46500,0,46500,34875,11625,通常
11,藤田 浩平,プリウスアルファ 白,3月,19,2027/10/27,46500,0,46500,34875,11625,通常
11,藤田 浩平,プリウスアルファ 白,3月,20,2027/11/27,46500,0,46500,34875,11625,通常
11,藤田 浩平,プリウスアルファ 白,3月,21,2027/12/27,46500,0,46500,34875,11625,通常
11,藤田 浩平,プリウスアルファ 白,3月,22,2028/01/27,46500,0,46500,34875,11625,通常
11,藤田 浩平,プリウスアルファ 白,3月,23,2028/02/27,46500,0,46500,34875,11625,通常
11,藤田 浩平,プリウスアルファ 白,3月,24,2028/03/27,46500,0,46500,34875,11625,通常
11,藤田 浩平,プリウスアルファ 白,3月,25,2028/04/27,46500,0,46500,34875,11625,通常
11,藤田 浩平,プリウスアルファ 白,3月,26,2028/05/27,46500,0,46500,34875,11625,通常
11,藤田 浩平,プリウスアルファ 白,3月,27,2028/06/27,46500,0,46500,34875,11625,通常
11,藤田 浩平,プリウスアルファ 白,3月,28,2028/07/27,46500,0,46500,34875,11625,通常
11,藤田 浩平,プリウスアルファ 白,3月,29,2028/08/27,46500,0,46500,34875,11625,通常
11,藤田 浩平,プリウスアルファ 白,3月,30,2028/09/27,46500,0,46500,34875,11625,通常
11,藤田 浩平,プリウスアルファ 白,3月,31,2028/10/27,46500,0,46500,34875,11625,通常
11,藤田 浩平,プリウスアルファ 白,3月,32,2028/11/27,46500,0,46500,34875,11625,通常
11,藤田 浩平,プリウスアルファ 白,3月,33,2028/12/27,46500,0,46500,34875,11625,通常
11,藤田 浩平,プリウスアルファ 白,3月,34,2029/01/27,46500,0,46500,34875,11625,通常
11,藤田 浩平,プリウスアルファ 白,3月,35,2029/02/27,46500,0,46500,34875,11625,通常
11,藤田 浩平,プリウスアルファ 白,3月,36,2029/03/27,46500,0,46500,34875,11625,通常
11,藤田 浩平,プリウスアルファ 白,3月,37,2029/04/27,46500,0,46500,34875,11625,通常
11,藤田 浩平,プリウスアルファ 白,3月,38,2029/05/27,46500,0,46500,34875,11625,通常
11,藤田 浩平,プリウスアルファ 白,3月,39,2029/06/27,46500,0,46500,34875,11625,通常
11,藤田 浩平,プリウスアルファ 白,3月,40,2029/07/27,46500,0,46500,34875,11625,通常
11,藤田 浩平,プリウスアルファ 白,3月,41,2029/08/27,46500,0,46500,34875,11625,通常
11,藤田 浩平,プリウスアルファ 白,3月,42,2029/09/27,46500,0,46500,34875,11625,通常
11,藤田 浩平,プリウスアルファ 白,3月,43,2029/10/27,46500,0,46500,34875,11625,通常
11,藤田 浩平,プリウスアルファ 白,3月,44,2029/11/27,46500,0,46500,34875,11625,通常
11,藤田 浩平,プリウスアルファ 白,3月,45,2029/12/27,46500,0,46500,34875,11625,通常
11,藤田 浩平,プリウスアルファ 白,3月,46,2030/01/27,46500,0,46500,34875,11625,通常
11,藤田 浩平,プリウスアルファ 白,3月,47,2030/02/27,46500,0,46500,34875,11625,通常
11,藤田 浩平,プリウスアルファ 白,3月,48,2030/03/27,46500,0,46500,34875,11625,通常
12,松本 晴陽,アテンザ,3月,1,2026/04/27,38500,0,38500,28875,9625,回収
12,松本 晴陽,アテンザ,3月,2,2026/05/27,38500,0,38500,28875,9625,回収
12,松本 晴陽,アテンザ,3月,3,2026/06/27,38500,0,38500,28875,9625,回収
12,松本 晴陽,アテンザ,3月,4,2026/07/27,38500,0,38500,28875,9625,回収
12,松本 晴陽,アテンザ,3月,5,2026/08/27,38500,0,38500,28875,9625,回収
12,松本 晴陽,アテンザ,3月,6,2026/09/27,38500,0,38500,28875,9625,回収
12,松本 晴陽,アテンザ,3月,7,2026/10/27,38500,0,38500,28875,9625,回収
12,松本 晴陽,アテンザ,3月,8,2026/11/27,38500,0,38500,28875,9625,回収
12,松本 晴陽,アテンザ,3月,9,2026/12/27,38500,0,38500,28875,9625,回収
12,松本 晴陽,アテンザ,3月,10,2027/01/27,38500,0,38500,28875,9625,回収
12,松本 晴陽,アテンザ,3月,11,2027/02/27,38500,0,38500,28875,9625,回収
12,松本 晴陽,アテンザ,3月,12,2027/03/27,38500,0,38500,28875,9625,回収
12,松本 晴陽,アテンザ,3月,13,2027/04/27,38500,0,38500,28875,9625,回収
12,松本 晴陽,アテンザ,3月,14,2027/05/27,38500,0,38500,28875,9625,回収
12,松本 晴陽,アテンザ,3月,15,2027/06/27,38500,0,38500,28875,9625,回収
12,松本 晴陽,アテンザ,3月,16,2027/07/27,38500,0,38500,28875,9625,回収
12,松本 晴陽,アテンザ,3月,17,2027/08/27,38500,0,38500,28875,9625,回収
12,松本 晴陽,アテンザ,3月,18,2027/09/27,38500,0,38500,28875,9625,回収
12,松本 晴陽,アテンザ,3月,19,2027/10/27,38500,0,38500,28875,9625,回収
12,松本 晴陽,アテンザ,3月,20,2027/11/27,38500,0,38500,28875,9625,回収
12,松本 晴陽,アテンザ,3月,21,2027/12/27,38500,0,38500,28875,9625,回収
12,松本 晴陽,アテンザ,3月,22,2028/01/27,38500,0,38500,28875,9625,回収
12,松本 晴陽,アテンザ,3月,23,2028/02/27,38500,0,38500,28875,9625,回収
12,松本 晴陽,アテンザ,3月,24,2028/03/27,38500,0,38500,28875,9625,回収
12,松本 晴陽,アテンザ,3月,25,2028/04/27,38500,0,38500,28875,9625,回収
12,松本 晴陽,アテンザ,3月,26,2028/05/27,38500,0,38500,28875,9625,回収
12,松本 晴陽,アテンザ,3月,27,2028/06/27,38500,0,38500,28875,9625,回収
12,松本 晴陽,アテンザ,3月,28,2028/07/27,38500,0,38500,28875,9625,回収
12,松本 晴陽,アテンザ,3月,29,2028/08/27,38500,0,38500,28875,9625,回収
12,松本 晴陽,アテンザ,3月,30,2028/09/27,38500,0,38500,28875,9625,回収
12,松本 晴陽,アテンザ,3月,31,2028/10/27,38500,0,38500,28875,9625,回収
12,松本 晴陽,アテンザ,3月,32,2028/11/27,38500,0,38500,28875,9625,回収
12,松本 晴陽,アテンザ,3月,33,2028/12/27,38500,0,38500,28875,9625,回収
12,松本 晴陽,アテンザ,3月,34,2029/01/27,38500,0,38500,28875,9625,回収
12,松本 晴陽,アテンザ,3月,35,2029/02/27,38500,0,38500,28875,9625,回収
12,松本 晴陽,アテンザ,3月,36,2029/03/27,38500,0,38500,28875,9625,回収
12,松本 晴陽,アテンザ,3月,37,2029/04/27,38500,0,38500,28875,9625,回収
12,松本 晴陽,アテンザ,3月,38,2029/05/27,38500,0,38500,28875,9625,回収
12,松本 晴陽,アテンザ,3月,39,2029/06/27,38500,0,38500,28875,9625,回収
12,松本 晴陽,アテンザ,3月,40,2029/07/27,38500,0,38500,28875,9625,回収
12,松本 晴陽,アテンザ,3月,41,2029/08/27,38500,0,38500,28875,9625,回収
12,松本 晴陽,アテンザ,3月,42,2029/09/27,38500,0,38500,28875,9625,回収
12,松本 晴陽,アテンザ,3月,43,2029/10/27,38500,0,38500,28875,9625,回収
12,松本 晴陽,アテンザ,3月,44,2029/11/27,38500,0,38500,28875,9625,回収
12,松本 晴陽,アテンザ,3月,45,2029/12/27,38500,0,38500,28875,9625,回収
12,松本 晴陽,アテンザ,3月,46,2030/01/27,38500,0,38500,28875,9625,回収
12,松本 晴陽,アテンザ,3月,47,2030/02/27,38500,0,38500,28875,9625,回収
12,松本 晴陽,アテンザ,3月,48,2030/03/27,38500,0,38500,28875,9625,回収
13,志賀 楓,30プリウス,3月,1,2026/04/01,48964,0,48964,36723,12241,通常
13,志賀 楓,30プリウス,3月,2,2026/05/01,48964,0,48964,36723,12241,通常
13,志賀 楓,30プリウス,3月,3,2026/06/01,48964,0,48964,36723,12241,通常
13,志賀 楓,30プリウス,3月,4,2026/07/01,48964,0,48964,36723,12241,通常
13,志賀 楓,30プリウス,3月,5,2026/08/01,48964,0,48964,36723,12241,通常
13,志賀 楓,30プリウス,3月,6,2026/09/01,48964,31000,79964,59973,19991,通常
13,志賀 楓,30プリウス,3月,7,2026/10/01,48964,0,48964,36723,12241,通常
13,志賀 楓,30プリウス,3月,8,2026/11/01,48964,0,48964,36723,12241,通常
13,志賀 楓,30プリウス,3月,9,2026/12/01,48964,31000,79964,59973,19991,通常
13,志賀 楓,30プリウス,3月,10,2027/01/01,48964,0,48964,36723,12241,通常
13,志賀 楓,30プリウス,3月,11,2027/02/01,48964,0,48964,36723,12241,通常
13,志賀 楓,30プリウス,3月,12,2027/03/01,48964,0,48964,36723,12241,通常
13,志賀 楓,30プリウス,3月,13,2027/04/01,48964,0,48964,36723,12241,通常
13,志賀 楓,30プリウス,3月,14,2027/05/01,48964,0,48964,36723,12241,通常
13,志賀 楓,30プリウス,3月,15,2027/06/01,48964,0,48964,36723,12241,通常
13,志賀 楓,30プリウス,3月,16,2027/07/01,48964,0,48964,36723,12241,通常
13,志賀 楓,30プリウス,3月,17,2027/08/01,48964,0,48964,36723,12241,通常
13,志賀 楓,30プリウス,3月,18,2027/09/01,48964,31000,79964,59973,19991,通常
13,志賀 楓,30プリウス,3月,19,2027/10/01,48964,0,48964,36723,12241,通常
13,志賀 楓,30プリウス,3月,20,2027/11/01,48964,0,48964,36723,12241,通常
13,志賀 楓,30プリウス,3月,21,2027/12/01,48964,31000,79964,59973,19991,通常
13,志賀 楓,30プリウス,3月,22,2028/01/01,48964,0,48964,36723,12241,通常
13,志賀 楓,30プリウス,3月,23,2028/02/01,48964,0,48964,36723,12241,通常
13,志賀 楓,30プリウス,3月,24,2028/03/01,48964,0,48964,36723,12241,通常
13,志賀 楓,30プリウス,3月,25,2028/04/01,48964,0,48964,36723,12241,通常
13,志賀 楓,30プリウス,3月,26,2028/05/01,48964,0,48964,36723,12241,通常
13,志賀 楓,30プリウス,3月,27,2028/06/01,48964,0,48964,36723,12241,通常
13,志賀 楓,30プリウス,3月,28,2028/07/01,48964,0,48964,36723,12241,通常
13,志賀 楓,30プリウス,3月,29,2028/08/01,48964,0,48964,36723,12241,通常
13,志賀 楓,30プリウス,3月,30,2028/09/01,48964,31000,79964,59973,19991,通常
13,志賀 楓,30プリウス,3月,31,2028/10/01,48964,0,48964,36723,12241,通常
13,志賀 楓,30プリウス,3月,32,2028/11/01,48964,0,48964,36723,12241,通常
13,志賀 楓,30プリウス,3月,33,2028/12/01,48964,31000,79964,59973,19991,通常
13,志賀 楓,30プリウス,3月,34,2029/01/01,48964,0,48964,36723,12241,通常
13,志賀 楓,30プリウス,3月,35,2029/02/01,48964,0,48964,36723,12241,通常
13,志賀 楓,30プリウス,3月,36,2029/03/01,48964,0,48964,36723,12241,通常
13,志賀 楓,30プリウス,3月,37,2029/04/01,48964,0,48964,36723,12241,通常
13,志賀 楓,30プリウス,3月,38,2029/05/01,48964,0,48964,36723,12241,通常
13,志賀 楓,30プリウス,3月,39,2029/06/01,48964,0,48964,36723,12241,通常
13,志賀 楓,30プリウス,3月,40,2029/07/01,48964,0,48964,36723,12241,通常
13,志賀 楓,30プリウス,3月,41,2029/08/01,48964,0,48964,36723,12241,通常
13,志賀 楓,30プリウス,3月,42,2029/09/01,48964,31000,79964,59973,19991,通常
13,志賀 楓,30プリウス,3月,43,2029/10/01,48964,0,48964,36723,12241,通常
13,志賀 楓,30プリウス,3月,44,2029/11/01,48964,0,48964,36723,12241,通常
13,志賀 楓,30プリウス,3月,45,2029/12/01,48964,31000,79964,59973,19991,通常
13,志賀 楓,30プリウス,3月,46,2030/01/01,48964,0,48964,36723,12241,通常
13,志賀 楓,30プリウス,3月,47,2030/02/01,48964,0,48964,36723,12241,通常
13,志賀 楓,30プリウス,3月,48,2030/03/01,48964,0,48964,36723,12241,通常
14,吉田 和樹,20クラウン,3月,1,2026/04/27,38875,0,38875,29156,9719,通常
14,吉田 和樹,20クラウン,3月,2,2026/05/27,38875,0,38875,29156,9719,通常
14,吉田 和樹,20クラウン,3月,3,2026/06/27,38875,0,38875,29156,9719,通常
14,吉田 和樹,20クラウン,3月,4,2026/07/27,38875,0,38875,29156,9719,通常
14,吉田 和樹,20クラウン,3月,5,2026/08/27,38875,0,38875,29156,9719,通常
14,吉田 和樹,20クラウン,3月,6,2026/09/27,38875,0,38875,29156,9719,通常
14,吉田 和樹,20クラウン,3月,7,2026/10/27,38875,0,38875,29156,9719,通常
14,吉田 和樹,20クラウン,3月,8,2026/11/27,38875,0,38875,29156,9719,通常
14,吉田 和樹,20クラウン,3月,9,2026/12/27,38875,0,38875,29156,9719,通常
14,吉田 和樹,20クラウン,3月,10,2027/01/27,38875,0,38875,29156,9719,通常
14,吉田 和樹,20クラウン,3月,11,2027/02/27,38875,0,38875,29156,9719,通常
14,吉田 和樹,20クラウン,3月,12,2027/03/27,38875,0,38875,29156,9719,通常
14,吉田 和樹,20クラウン,3月,13,2027/04/27,38875,0,38875,29156,9719,通常
14,吉田 和樹,20クラウン,3月,14,2027/05/27,38875,0,38875,29156,9719,通常
14,吉田 和樹,20クラウン,3月,15,2027/06/27,38875,0,38875,29156,9719,通常
14,吉田 和樹,20クラウン,3月,16,2027/07/27,38875,0,38875,29156,9719,通常
14,吉田 和樹,20クラウン,3月,17,2027/08/27,38875,0,38875,29156,9719,通常
14,吉田 和樹,20クラウン,3月,18,2027/09/27,38875,0,38875,29156,9719,通常
14,吉田 和樹,20クラウン,3月,19,2027/10/27,38875,0,38875,29156,9719,通常
14,吉田 和樹,20クラウン,3月,20,2027/11/27,38875,0,38875,29156,9719,通常
14,吉田 和樹,20クラウン,3月,21,2027/12/27,38875,0,38875,29156,9719,通常
14,吉田 和樹,20クラウン,3月,22,2028/01/27,38875,0,38875,29156,9719,通常
14,吉田 和樹,20クラウン,3月,23,2028/02/27,38875,0,38875,29156,9719,通常
14,吉田 和樹,20クラウン,3月,24,2028/03/27,38875,0,38875,29156,9719,通常
14,吉田 和樹,20クラウン,3月,25,2028/04/27,38875,0,38875,29156,9719,通常
14,吉田 和樹,20クラウン,3月,26,2028/05/27,38875,0,38875,29156,9719,通常
14,吉田 和樹,20クラウン,3月,27,2028/06/27,38875,0,38875,29156,9719,通常
14,吉田 和樹,20クラウン,3月,28,2028/07/27,38875,0,38875,29156,9719,通常
14,吉田 和樹,20クラウン,3月,29,2028/08/27,38875,0,38875,29156,9719,通常
14,吉田 和樹,20クラウン,3月,30,2028/09/27,38875,0,38875,29156,9719,通常
14,吉田 和樹,20クラウン,3月,31,2028/10/27,38875,0,38875,29156,9719,通常
14,吉田 和樹,20クラウン,3月,32,2028/11/27,38875,0,38875,29156,9719,通常
14,吉田 和樹,20クラウン,3月,33,2028/12/27,38875,0,38875,29156,9719,通常
14,吉田 和樹,20クラウン,3月,34,2029/01/27,38875,0,38875,29156,9719,通常
14,吉田 和樹,20クラウン,3月,35,2029/02/27,38875,0,38875,29156,9719,通常
14,吉田 和樹,20クラウン,3月,36,2029/03/27,38875,0,38875,29156,9719,通常
14,吉田 和樹,20クラウン,3月,37,2029/04/27,38875,0,38875,29156,9719,通常
14,吉田 和樹,20クラウン,3月,38,2029/05/27,38875,0,38875,29156,9719,通常
14,吉田 和樹,20クラウン,3月,39,2029/06/27,38875,0,38875,29156,9719,通常
14,吉田 和樹,20クラウン,3月,40,2029/07/27,38875,0,38875,29156,9719,通常
14,吉田 和樹,20クラウン,3月,41,2029/08/27,38875,0,38875,29156,9719,通常
14,吉田 和樹,20クラウン,3月,42,2029/09/27,38875,0,38875,29156,9719,通常
14,吉田 和樹,20クラウン,3月,43,2029/10/27,38875,0,38875,29156,9719,通常
14,吉田 和樹,20クラウン,3月,44,2029/11/27,38875,0,38875,29156,9719,通常
14,吉田 和樹,20クラウン,3月,45,2029/12/27,38875,0,38875,29156,9719,通常
14,吉田 和樹,20クラウン,3月,46,2030/01/27,38875,0,38875,29156,9719,通常
14,吉田 和樹,20クラウン,3月,47,2030/02/27,38875,0,38875,29156,9719,通常
14,吉田 和樹,20クラウン,3月,48,2030/03/27,38875,0,38875,29156,9719,通常
15,添田 英里,30プリウス,3月,1,2026/04/27,39485,0,39485,29614,9871,通常
15,添田 英里,30プリウス,3月,2,2026/05/27,39485,0,39485,29614,9871,通常
15,添田 英里,30プリウス,3月,3,2026/06/27,39485,0,39485,29614,9871,通常
15,添田 英里,30プリウス,3月,4,2026/07/27,39485,0,39485,29614,9871,通常
15,添田 英里,30プリウス,3月,5,2026/08/27,39485,0,39485,29614,9871,通常
15,添田 英里,30プリウス,3月,6,2026/09/27,39485,0,39485,29614,9871,通常
15,添田 英里,30プリウス,3月,7,2026/10/27,39485,0,39485,29614,9871,通常
15,添田 英里,30プリウス,3月,8,2026/11/27,39485,0,39485,29614,9871,通常
15,添田 英里,30プリウス,3月,9,2026/12/27,39485,0,39485,29614,9871,通常
15,添田 英里,30プリウス,3月,10,2027/01/27,39485,0,39485,29614,9871,通常
15,添田 英里,30プリウス,3月,11,2027/02/27,39485,0,39485,29614,9871,通常
15,添田 英里,30プリウス,3月,12,2027/03/27,39485,0,39485,29614,9871,通常
15,添田 英里,30プリウス,3月,13,2027/04/27,39485,0,39485,29614,9871,通常
15,添田 英里,30プリウス,3月,14,2027/05/27,39485,0,39485,29614,9871,通常
15,添田 英里,30プリウス,3月,15,2027/06/27,39485,0,39485,29614,9871,通常
15,添田 英里,30プリウス,3月,16,2027/07/27,39485,0,39485,29614,9871,通常
15,添田 英里,30プリウス,3月,17,2027/08/27,39485,0,39485,29614,9871,通常
15,添田 英里,30プリウス,3月,18,2027/09/27,39485,0,39485,29614,9871,通常
15,添田 英里,30プリウス,3月,19,2027/10/27,39485,0,39485,29614,9871,通常
15,添田 英里,30プリウス,3月,20,2027/11/27,39485,0,39485,29614,9871,通常
15,添田 英里,30プリウス,3月,21,2027/12/27,39485,0,39485,29614,9871,通常
15,添田 英里,30プリウス,3月,22,2028/01/27,39485,0,39485,29614,9871,通常
15,添田 英里,30プリウス,3月,23,2028/02/27,39485,0,39485,29614,9871,通常
15,添田 英里,30プリウス,3月,24,2028/03/27,39485,0,39485,29614,9871,通常
15,添田 英里,30プリウス,3月,25,2028/04/27,39485,0,39485,29614,9871,通常
15,添田 英里,30プリウス,3月,26,2028/05/27,39485,0,39485,29614,9871,通常
15,添田 英里,30プリウス,3月,27,2028/06/27,39485,0,39485,29614,9871,通常
15,添田 英里,30プリウス,3月,28,2028/07/27,39485,0,39485,29614,9871,通常
15,添田 英里,30プリウス,3月,29,2028/08/27,39485,0,39485,29614,9871,通常
15,添田 英里,30プリウス,3月,30,2028/09/27,39485,0,39485,29614,9871,通常
15,添田 英里,30プリウス,3月,31,2028/10/27,39485,0,39485,29614,9871,通常
15,添田 英里,30プリウス,3月,32,2028/11/27,39485,0,39485,29614,9871,通常
15,添田 英里,30プリウス,3月,33,2028/12/27,39485,0,39485,29614,9871,通常
15,添田 英里,30プリウス,3月,34,2029/01/27,39485,0,39485,29614,9871,通常
15,添田 英里,30プリウス,3月,35,2029/02/27,39485,0,39485,29614,9871,通常
15,添田 英里,30プリウス,3月,36,2029/03/27,39485,0,39485,29614,9871,通常
15,添田 英里,30プリウス,3月,37,2029/04/27,39485,0,39485,29614,9871,通常
15,添田 英里,30プリウス,3月,38,2029/05/27,39485,0,39485,29614,9871,通常
15,添田 英里,30プリウス,3月,39,2029/06/27,39485,0,39485,29614,9871,通常
15,添田 英里,30プリウス,3月,40,2029/07/27,39485,0,39485,29614,9871,通常
15,添田 英里,30プリウス,3月,41,2029/08/27,39485,0,39485,29614,9871,通常
15,添田 英里,30プリウス,3月,42,2029/09/27,39485,0,39485,29614,9871,通常
15,添田 英里,30プリウス,3月,43,2029/10/27,39485,0,39485,29614,9871,通常
15,添田 英里,30プリウス,3月,44,2029/11/27,39485,0,39485,29614,9871,通常
15,添田 英里,30プリウス,3月,45,2029/12/27,39485,0,39485,29614,9871,通常
15,添田 英里,30プリウス,3月,46,2030/01/27,39485,0,39485,29614,9871,通常
15,添田 英里,30プリウス,3月,47,2030/02/27,39485,0,39485,29614,9871,通常
15,添田 英里,30プリウス,3月,48,2030/03/27,39485,0,39485,29614,9871,通常
16,山本 一馬,NONE,3月,1,2026/04/27,32000,0,32000,24000,8000,通常
16,山本 一馬,NONE,3月,2,2026/05/27,32000,0,32000,24000,8000,通常
16,山本 一馬,NONE,3月,3,2026/06/27,32000,0,32000,24000,8000,通常
16,山本 一馬,NONE,3月,4,2026/07/27,32000,0,32000,24000,8000,通常
16,山本 一馬,NONE,3月,5,2026/08/27,32000,0,32000,24000,8000,通常
16,山本 一馬,NONE,3月,6,2026/09/27,32000,0,32000,24000,8000,通常
16,山本 一馬,NONE,3月,7,2026/10/27,32000,0,32000,24000,8000,通常
16,山本 一馬,NONE,3月,8,2026/11/27,32000,0,32000,24000,8000,通常
16,山本 一馬,NONE,3月,9,2026/12/27,32000,0,32000,24000,8000,通常
16,山本 一馬,NONE,3月,10,2027/01/27,32000,0,32000,24000,8000,通常
16,山本 一馬,NONE,3月,11,2027/02/27,32000,0,32000,24000,8000,通常
16,山本 一馬,NONE,3月,12,2027/03/27,32000,0,32000,24000,8000,通常
16,山本 一馬,NONE,3月,13,2027/04/27,32000,0,32000,24000,8000,通常
16,山本 一馬,NONE,3月,14,2027/05/27,32000,0,32000,24000,8000,通常
16,山本 一馬,NONE,3月,15,2027/06/27,32000,0,32000,24000,8000,通常
16,山本 一馬,NONE,3月,16,2027/07/27,32000,0,32000,24000,8000,通常
16,山本 一馬,NONE,3月,17,2027/08/27,32000,0,32000,24000,8000,通常
16,山本 一馬,NONE,3月,18,2027/09/27,32000,0,32000,24000,8000,通常
16,山本 一馬,NONE,3月,19,2027/10/27,32000,0,32000,24000,8000,通常
16,山本 一馬,NONE,3月,20,2027/11/27,32000,0,32000,24000,8000,通常
16,山本 一馬,NONE,3月,21,2027/12/27,32000,0,32000,24000,8000,通常
16,山本 一馬,NONE,3月,22,2028/01/27,32000,0,32000,24000,8000,通常
16,山本 一馬,NONE,3月,23,2028/02/27,32000,0,32000,24000,8000,通常
16,山本 一馬,NONE,3月,24,2028/03/27,32000,0,32000,24000,8000,通常
16,山本 一馬,NONE,3月,25,2028/04/27,32000,0,32000,24000,8000,通常
16,山本 一馬,NONE,3月,26,2028/05/27,32000,0,32000,24000,8000,通常
16,山本 一馬,NONE,3月,27,2028/06/27,32000,0,32000,24000,8000,通常
16,山本 一馬,NONE,3月,28,2028/07/27,32000,0,32000,24000,8000,通常
16,山本 一馬,NONE,3月,29,2028/08/27,32000,0,32000,24000,8000,通常
16,山本 一馬,NONE,3月,30,2028/09/27,32000,0,32000,24000,8000,通常
16,山本 一馬,NONE,3月,31,2028/10/27,32000,0,32000,24000,8000,通常
16,山本 一馬,NONE,3月,32,2028/11/27,32000,0,32000,24000,8000,通常
16,山本 一馬,NONE,3月,33,2028/12/27,32000,0,32000,24000,8000,通常
16,山本 一馬,NONE,3月,34,2029/01/27,32000,0,32000,24000,8000,通常
16,山本 一馬,NONE,3月,35,2029/02/27,32000,0,32000,24000,8000,通常
16,山本 一馬,NONE,3月,36,2029/03/27,32000,0,32000,24000,8000,通常
16,山本 一馬,NONE,3月,37,2029/04/27,32000,0,32000,24000,8000,通常
16,山本 一馬,NONE,3月,38,2029/05/27,32000,0,32000,24000,8000,通常
16,山本 一馬,NONE,3月,39,2029/06/27,32000,0,32000,24000,8000,通常
16,山本 一馬,NONE,3月,40,2029/07/27,32000,0,32000,24000,8000,通常
16,山本 一馬,NONE,3月,41,2029/08/27,32000,0,32000,24000,8000,通常
16,山本 一馬,NONE,3月,42,2029/09/27,32000,0,32000,24000,8000,通常
16,山本 一馬,NONE,3月,43,2029/10/27,32000,0,32000,24000,8000,通常
16,山本 一馬,NONE,3月,44,2029/11/27,32000,0,32000,24000,8000,通常
16,山本 一馬,NONE,3月,45,2029/12/27,32000,0,32000,24000,8000,通常
16,山本 一馬,NONE,3月,46,2030/01/27,32000,0,32000,24000,8000,通常
16,山本 一馬,NONE,3月,47,2030/02/27,32000,0,32000,24000,8000,通常
16,山本 一馬,NONE,3月,48,2030/03/27,32000,0,32000,24000,8000,通常
17,中川 和俊,20ヴェルファイア,4月,1,2026/05/27,54500,0,54500,40875,13625,通常
17,中川 和俊,20ヴェルファイア,4月,2,2026/06/27,54500,0,54500,40875,13625,通常
17,中川 和俊,20ヴェルファイア,4月,3,2026/07/27,54500,0,54500,40875,13625,通常
17,中川 和俊,20ヴェルファイア,4月,4,2026/08/27,54500,0,54500,40875,13625,通常
17,中川 和俊,20ヴェルファイア,4月,5,2026/09/27,54500,0,54500,40875,13625,通常
17,中川 和俊,20ヴェルファイア,4月,6,2026/10/27,54500,0,54500,40875,13625,通常
17,中川 和俊,20ヴェルファイア,4月,7,2026/11/27,54500,0,54500,40875,13625,通常
17,中川 和俊,20ヴェルファイア,4月,8,2026/12/27,54500,0,54500,40875,13625,通常
17,中川 和俊,20ヴェルファイア,4月,9,2027/01/27,54500,0,54500,40875,13625,通常
17,中川 和俊,20ヴェルファイア,4月,10,2027/02/27,54500,0,54500,40875,13625,通常
17,中川 和俊,20ヴェルファイア,4月,11,2027/03/27,54500,0,54500,40875,13625,通常
17,中川 和俊,20ヴェルファイア,4月,12,2027/04/27,54500,0,54500,40875,13625,通常
17,中川 和俊,20ヴェルファイア,4月,13,2027/05/27,54500,0,54500,40875,13625,通常
17,中川 和俊,20ヴェルファイア,4月,14,2027/06/27,54500,0,54500,40875,13625,通常
17,中川 和俊,20ヴェルファイア,4月,15,2027/07/27,54500,0,54500,40875,13625,通常
17,中川 和俊,20ヴェルファイア,4月,16,2027/08/27,54500,0,54500,40875,13625,通常
17,中川 和俊,20ヴェルファイア,4月,17,2027/09/27,54500,0,54500,40875,13625,通常
17,中川 和俊,20ヴェルファイア,4月,18,2027/10/27,54500,0,54500,40875,13625,通常
17,中川 和俊,20ヴェルファイア,4月,19,2027/11/27,54500,0,54500,40875,13625,通常
17,中川 和俊,20ヴェルファイア,4月,20,2027/12/27,54500,0,54500,40875,13625,通常
17,中川 和俊,20ヴェルファイア,4月,21,2028/01/27,54500,0,54500,40875,13625,通常
17,中川 和俊,20ヴェルファイア,4月,22,2028/02/27,54500,0,54500,40875,13625,通常
17,中川 和俊,20ヴェルファイア,4月,23,2028/03/27,54500,0,54500,40875,13625,通常
17,中川 和俊,20ヴェルファイア,4月,24,2028/04/27,54500,0,54500,40875,13625,通常
17,中川 和俊,20ヴェルファイア,4月,25,2028/05/27,54500,0,54500,40875,13625,通常
17,中川 和俊,20ヴェルファイア,4月,26,2028/06/27,54500,0,54500,40875,13625,通常
17,中川 和俊,20ヴェルファイア,4月,27,2028/07/27,54500,0,54500,40875,13625,通常
17,中川 和俊,20ヴェルファイア,4月,28,2028/08/27,54500,0,54500,40875,13625,通常
17,中川 和俊,20ヴェルファイア,4月,29,2028/09/27,54500,0,54500,40875,13625,通常
17,中川 和俊,20ヴェルファイア,4月,30,2028/10/27,54500,0,54500,40875,13625,通常
17,中川 和俊,20ヴェルファイア,4月,31,2028/11/27,54500,0,54500,40875,13625,通常
17,中川 和俊,20ヴェルファイア,4月,32,2028/12/27,54500,0,54500,40875,13625,通常
17,中川 和俊,20ヴェルファイア,4月,33,2029/01/27,54500,0,54500,40875,13625,通常
17,中川 和俊,20ヴェルファイア,4月,34,2029/02/27,54500,0,54500,40875,13625,通常
17,中川 和俊,20ヴェルファイア,4月,35,2029/03/27,54500,0,54500,40875,13625,通常
17,中川 和俊,20ヴェルファイア,4月,36,2029/04/27,54500,0,54500,40875,13625,通常
17,中川 和俊,20ヴェルファイア,4月,37,2029/05/27,54500,0,54500,40875,13625,通常
17,中川 和俊,20ヴェルファイア,4月,38,2029/06/27,54500,0,54500,40875,13625,通常
17,中川 和俊,20ヴェルファイア,4月,39,2029/07/27,54500,0,54500,40875,13625,通常
17,中川 和俊,20ヴェルファイア,4月,40,2029/08/27,54500,0,54500,40875,13625,通常
17,中川 和俊,20ヴェルファイア,4月,41,2029/09/27,54500,0,54500,40875,13625,通常
17,中川 和俊,20ヴェルファイア,4月,42,2029/10/27,54500,0,54500,40875,13625,通常
17,中川 和俊,20ヴェルファイア,4月,43,2029/11/27,54500,0,54500,40875,13625,通常
17,中川 和俊,20ヴェルファイア,4月,44,2029/12/27,54500,0,54500,40875,13625,通常
17,中川 和俊,20ヴェルファイア,4月,45,2030/01/27,54500,0,54500,40875,13625,通常
17,中川 和俊,20ヴェルファイア,4月,46,2030/02/27,54500,0,54500,40875,13625,通常
17,中川 和俊,20ヴェルファイア,4月,47,2030/03/27,54500,0,54500,40875,13625,通常
17,中川 和俊,20ヴェルファイア,4月,48,2030/04/27,54500,0,54500,40875,13625,通常
18,高野 智也,CX-5,4月,1,2026/05/27,81800,0,81800,61350,20450,通常
18,高野 智也,CX-5,4月,2,2026/06/27,81800,0,81800,61350,20450,通常
18,高野 智也,CX-5,4月,3,2026/07/27,81800,0,81800,61350,20450,通常
18,高野 智也,CX-5,4月,4,2026/08/27,81800,0,81800,61350,20450,通常
18,高野 智也,CX-5,4月,5,2026/09/27,81800,0,81800,61350,20450,通常
18,高野 智也,CX-5,4月,6,2026/10/27,81800,0,81800,61350,20450,通常
18,高野 智也,CX-5,4月,7,2026/11/27,81800,0,81800,61350,20450,通常
18,高野 智也,CX-5,4月,8,2026/12/27,81800,0,81800,61350,20450,通常
18,高野 智也,CX-5,4月,9,2027/01/27,81800,0,81800,61350,20450,通常
18,高野 智也,CX-5,4月,10,2027/02/27,81800,0,81800,61350,20450,通常
18,高野 智也,CX-5,4月,11,2027/03/27,81800,0,81800,61350,20450,通常
18,高野 智也,CX-5,4月,12,2027/04/27,81800,0,81800,61350,20450,通常
18,高野 智也,CX-5,4月,13,2027/05/27,81800,0,81800,61350,20450,通常
18,高野 智也,CX-5,4月,14,2027/06/27,81800,0,81800,61350,20450,通常
18,高野 智也,CX-5,4月,15,2027/07/27,81800,0,81800,61350,20450,通常
18,高野 智也,CX-5,4月,16,2027/08/27,81800,0,81800,61350,20450,通常
18,高野 智也,CX-5,4月,17,2027/09/27,81800,0,81800,61350,20450,通常
18,高野 智也,CX-5,4月,18,2027/10/27,81800,0,81800,61350,20450,通常
18,高野 智也,CX-5,4月,19,2027/11/27,81800,0,81800,61350,20450,通常
18,高野 智也,CX-5,4月,20,2027/12/27,81800,0,81800,61350,20450,通常
18,高野 智也,CX-5,4月,21,2028/01/27,81800,0,81800,61350,20450,通常
18,高野 智也,CX-5,4月,22,2028/02/27,81800,0,81800,61350,20450,通常
18,高野 智也,CX-5,4月,23,2028/03/27,81800,0,81800,61350,20450,通常
18,高野 智也,CX-5,4月,24,2028/04/27,81800,0,81800,61350,20450,通常
18,高野 智也,CX-5,4月,25,2028/05/27,81800,0,81800,61350,20450,通常
18,高野 智也,CX-5,4月,26,2028/06/27,81800,0,81800,61350,20450,通常
18,高野 智也,CX-5,4月,27,2028/07/27,81800,0,81800,61350,20450,通常
18,高野 智也,CX-5,4月,28,2028/08/27,81800,0,81800,61350,20450,通常
18,高野 智也,CX-5,4月,29,2028/09/27,81800,0,81800,61350,20450,通常
18,高野 智也,CX-5,4月,30,2028/10/27,81800,0,81800,61350,20450,通常
18,高野 智也,CX-5,4月,31,2028/11/27,81800,0,81800,61350,20450,通常
18,高野 智也,CX-5,4月,32,2028/12/27,81800,0,81800,61350,20450,通常
18,高野 智也,CX-5,4月,33,2029/01/27,81800,0,81800,61350,20450,通常
18,高野 智也,CX-5,4月,34,2029/02/27,81800,0,81800,61350,20450,通常
18,高野 智也,CX-5,4月,35,2029/03/27,81800,0,81800,61350,20450,通常
18,高野 智也,CX-5,4月,36,2029/04/27,81800,0,81800,61350,20450,通常
18,高野 智也,CX-5,4月,37,2029/05/27,81800,0,81800,61350,20450,通常
18,高野 智也,CX-5,4月,38,2029/06/27,81800,0,81800,61350,20450,通常
18,高野 智也,CX-5,4月,39,2029/07/27,81800,0,81800,61350,20450,通常
18,高野 智也,CX-5,4月,40,2029/08/27,81800,0,81800,61350,20450,通常
18,高野 智也,CX-5,4月,41,2029/09/27,81800,0,81800,61350,20450,通常
18,高野 智也,CX-5,4月,42,2029/10/27,81800,0,81800,61350,20450,通常
18,高野 智也,CX-5,4月,43,2029/11/27,81800,0,81800,61350,20450,通常
18,高野 智也,CX-5,4月,44,2029/12/27,81800,0,81800,61350,20450,通常
18,高野 智也,CX-5,4月,45,2030/01/27,81800,0,81800,61350,20450,通常
18,高野 智也,CX-5,4月,46,2030/02/27,81800,0,81800,61350,20450,通常
18,高野 智也,CX-5,4月,47,2030/03/27,81800,0,81800,61350,20450,通常
18,高野 智也,CX-5,4月,48,2030/04/27,81800,0,81800,61350,20450,通常
19,恩地 秀亮,エブリイバン,4月,1,2026/05/27,28000,0,28000,21000,7000,通常
19,恩地 秀亮,エブリイバン,4月,2,2026/06/27,28000,0,28000,21000,7000,通常
19,恩地 秀亮,エブリイバン,4月,3,2026/07/27,28000,0,28000,21000,7000,通常
19,恩地 秀亮,エブリイバン,4月,4,2026/08/27,28000,0,28000,21000,7000,通常
19,恩地 秀亮,エブリイバン,4月,5,2026/09/27,28000,0,28000,21000,7000,通常
19,恩地 秀亮,エブリイバン,4月,6,2026/10/27,28000,0,28000,21000,7000,通常
19,恩地 秀亮,エブリイバン,4月,7,2026/11/27,28000,0,28000,21000,7000,通常
19,恩地 秀亮,エブリイバン,4月,8,2026/12/27,28000,0,28000,21000,7000,通常
19,恩地 秀亮,エブリイバン,4月,9,2027/01/27,28000,0,28000,21000,7000,通常
19,恩地 秀亮,エブリイバン,4月,10,2027/02/27,28000,0,28000,21000,7000,通常
19,恩地 秀亮,エブリイバン,4月,11,2027/03/27,28000,0,28000,21000,7000,通常
19,恩地 秀亮,エブリイバン,4月,12,2027/04/27,28000,0,28000,21000,7000,通常
19,恩地 秀亮,エブリイバン,4月,13,2027/05/27,28000,0,28000,21000,7000,通常
19,恩地 秀亮,エブリイバン,4月,14,2027/06/27,28000,0,28000,21000,7000,通常
19,恩地 秀亮,エブリイバン,4月,15,2027/07/27,28000,0,28000,21000,7000,通常
19,恩地 秀亮,エブリイバン,4月,16,2027/08/27,28000,0,28000,21000,7000,通常
19,恩地 秀亮,エブリイバン,4月,17,2027/09/27,28000,0,28000,21000,7000,通常
19,恩地 秀亮,エブリイバン,4月,18,2027/10/27,28000,0,28000,21000,7000,通常
19,恩地 秀亮,エブリイバン,4月,19,2027/11/27,28000,0,28000,21000,7000,通常
19,恩地 秀亮,エブリイバン,4月,20,2027/12/27,28000,0,28000,21000,7000,通常
19,恩地 秀亮,エブリイバン,4月,21,2028/01/27,28000,0,28000,21000,7000,通常
19,恩地 秀亮,エブリイバン,4月,22,2028/02/27,28000,0,28000,21000,7000,通常
19,恩地 秀亮,エブリイバン,4月,23,2028/03/27,28000,0,28000,21000,7000,通常
19,恩地 秀亮,エブリイバン,4月,24,2028/04/27,28000,0,28000,21000,7000,通常
19,恩地 秀亮,エブリイバン,4月,25,2028/05/27,28000,0,28000,21000,7000,通常
19,恩地 秀亮,エブリイバン,4月,26,2028/06/27,28000,0,28000,21000,7000,通常
19,恩地 秀亮,エブリイバン,4月,27,2028/07/27,28000,0,28000,21000,7000,通常
19,恩地 秀亮,エブリイバン,4月,28,2028/08/27,28000,0,28000,21000,7000,通常
19,恩地 秀亮,エブリイバン,4月,29,2028/09/27,28000,0,28000,21000,7000,通常
19,恩地 秀亮,エブリイバン,4月,30,2028/10/27,28000,0,28000,21000,7000,通常
19,恩地 秀亮,エブリイバン,4月,31,2028/11/27,28000,0,28000,21000,7000,通常
19,恩地 秀亮,エブリイバン,4月,32,2028/12/27,28000,0,28000,21000,7000,通常
19,恩地 秀亮,エブリイバン,4月,33,2029/01/27,28000,0,28000,21000,7000,通常
19,恩地 秀亮,エブリイバン,4月,34,2029/02/27,28000,0,28000,21000,7000,通常
19,恩地 秀亮,エブリイバン,4月,35,2029/03/27,28000,0,28000,21000,7000,通常
19,恩地 秀亮,エブリイバン,4月,36,2029/04/27,28000,0,28000,21000,7000,通常
19,恩地 秀亮,エブリイバン,4月,37,2029/05/27,28000,0,28000,21000,7000,通常
19,恩地 秀亮,エブリイバン,4月,38,2029/06/27,28000,0,28000,21000,7000,通常
19,恩地 秀亮,エブリイバン,4月,39,2029/07/27,28000,0,28000,21000,7000,通常
19,恩地 秀亮,エブリイバン,4月,40,2029/08/27,28000,0,28000,21000,7000,通常
19,恩地 秀亮,エブリイバン,4月,41,2029/09/27,28000,0,28000,21000,7000,通常
19,恩地 秀亮,エブリイバン,4月,42,2029/10/27,28000,0,28000,21000,7000,通常
19,恩地 秀亮,エブリイバン,4月,43,2029/11/27,28000,0,28000,21000,7000,通常
19,恩地 秀亮,エブリイバン,4月,44,2029/12/27,28000,0,28000,21000,7000,通常
19,恩地 秀亮,エブリイバン,4月,45,2030/01/27,28000,0,28000,21000,7000,通常
19,恩地 秀亮,エブリイバン,4月,46,2030/02/27,28000,0,28000,21000,7000,通常
19,恩地 秀亮,エブリイバン,4月,47,2030/03/27,28000,0,28000,21000,7000,通常
19,恩地 秀亮,エブリイバン,4月,48,2030/04/27,28000,0,28000,21000,7000,通常
20,田中 駿弥,50プリウス,4月,1,2026/05/27,58500,0,58500,43875,14625,通常
20,田中 駿弥,50プリウス,4月,2,2026/06/27,58500,0,58500,43875,14625,通常
20,田中 駿弥,50プリウス,4月,3,2026/07/27,58500,0,58500,43875,14625,通常
20,田中 駿弥,50プリウス,4月,4,2026/08/27,58500,0,58500,43875,14625,通常
20,田中 駿弥,50プリウス,4月,5,2026/09/27,58500,0,58500,43875,14625,通常
20,田中 駿弥,50プリウス,4月,6,2026/10/27,58500,0,58500,43875,14625,通常
20,田中 駿弥,50プリウス,4月,7,2026/11/27,58500,0,58500,43875,14625,通常
20,田中 駿弥,50プリウス,4月,8,2026/12/27,58500,0,58500,43875,14625,通常
20,田中 駿弥,50プリウス,4月,9,2027/01/27,58500,0,58500,43875,14625,通常
20,田中 駿弥,50プリウス,4月,10,2027/02/27,58500,0,58500,43875,14625,通常
20,田中 駿弥,50プリウス,4月,11,2027/03/27,58500,0,58500,43875,14625,通常
20,田中 駿弥,50プリウス,4月,12,2027/04/27,58500,0,58500,43875,14625,通常
20,田中 駿弥,50プリウス,4月,13,2027/05/27,58500,0,58500,43875,14625,通常
20,田中 駿弥,50プリウス,4月,14,2027/06/27,58500,0,58500,43875,14625,通常
20,田中 駿弥,50プリウス,4月,15,2027/07/27,58500,0,58500,43875,14625,通常
20,田中 駿弥,50プリウス,4月,16,2027/08/27,58500,0,58500,43875,14625,通常
20,田中 駿弥,50プリウス,4月,17,2027/09/27,58500,0,58500,43875,14625,通常
20,田中 駿弥,50プリウス,4月,18,2027/10/27,58500,0,58500,43875,14625,通常
20,田中 駿弥,50プリウス,4月,19,2027/11/27,58500,0,58500,43875,14625,通常
20,田中 駿弥,50プリウス,4月,20,2027/12/27,58500,0,58500,43875,14625,通常
20,田中 駿弥,50プリウス,4月,21,2028/01/27,58500,0,58500,43875,14625,通常
20,田中 駿弥,50プリウス,4月,22,2028/02/27,58500,0,58500,43875,14625,通常
20,田中 駿弥,50プリウス,4月,23,2028/03/27,58500,0,58500,43875,14625,通常
20,田中 駿弥,50プリウス,4月,24,2028/04/27,58500,0,58500,43875,14625,通常
20,田中 駿弥,50プリウス,4月,25,2028/05/27,58500,0,58500,43875,14625,通常
20,田中 駿弥,50プリウス,4月,26,2028/06/27,58500,0,58500,43875,14625,通常
20,田中 駿弥,50プリウス,4月,27,2028/07/27,58500,0,58500,43875,14625,通常
20,田中 駿弥,50プリウス,4月,28,2028/08/27,58500,0,58500,43875,14625,通常
20,田中 駿弥,50プリウス,4月,29,2028/09/27,58500,0,58500,43875,14625,通常
20,田中 駿弥,50プリウス,4月,30,2028/10/27,58500,0,58500,43875,14625,通常
20,田中 駿弥,50プリウス,4月,31,2028/11/27,58500,0,58500,43875,14625,通常
20,田中 駿弥,50プリウス,4月,32,2028/12/27,58500,0,58500,43875,14625,通常
20,田中 駿弥,50プリウス,4月,33,2029/01/27,58500,0,58500,43875,14625,通常
20,田中 駿弥,50プリウス,4月,34,2029/02/27,58500,0,58500,43875,14625,通常
20,田中 駿弥,50プリウス,4月,35,2029/03/27,58500,0,58500,43875,14625,通常
20,田中 駿弥,50プリウス,4月,36,2029/04/27,58500,0,58500,43875,14625,通常
20,田中 駿弥,50プリウス,4月,37,2029/05/27,58500,0,58500,43875,14625,通常
20,田中 駿弥,50プリウス,4月,38,2029/06/27,58500,0,58500,43875,14625,通常
20,田中 駿弥,50プリウス,4月,39,2029/07/27,58500,0,58500,43875,14625,通常
20,田中 駿弥,50プリウス,4月,40,2029/08/27,58500,0,58500,43875,14625,通常
20,田中 駿弥,50プリウス,4月,41,2029/09/27,58500,0,58500,43875,14625,通常
20,田中 駿弥,50プリウス,4月,42,2029/10/27,58500,0,58500,43875,14625,通常
20,田中 駿弥,50プリウス,4月,43,2029/11/27,58500,0,58500,43875,14625,通常
20,田中 駿弥,50プリウス,4月,44,2029/12/27,58500,0,58500,43875,14625,通常
20,田中 駿弥,50プリウス,4月,45,2030/01/27,58500,0,58500,43875,14625,通常
20,田中 駿弥,50プリウス,4月,46,2030/02/27,58500,0,58500,43875,14625,通常
20,田中 駿弥,50プリウス,4月,47,2030/03/27,58500,0,58500,43875,14625,通常
20,田中 駿弥,50プリウス,4月,48,2030/04/27,58500,0,58500,43875,14625,通常
21,緒方 美穂,シエンタ,4月,1,2026/05/27,71968,0,71968,53976,17992,通常
21,緒方 美穂,シエンタ,4月,2,2026/06/27,71968,0,71968,53976,17992,通常
21,緒方 美穂,シエンタ,4月,3,2026/07/27,71968,0,71968,53976,17992,通常
21,緒方 美穂,シエンタ,4月,4,2026/08/27,71968,0,71968,53976,17992,通常
21,緒方 美穂,シエンタ,4月,5,2026/09/27,71968,0,71968,53976,17992,通常
21,緒方 美穂,シエンタ,4月,6,2026/10/27,71968,0,71968,53976,17992,通常
21,緒方 美穂,シエンタ,4月,7,2026/11/27,71968,0,71968,53976,17992,通常
21,緒方 美穂,シエンタ,4月,8,2026/12/27,71968,0,71968,53976,17992,通常
21,緒方 美穂,シエンタ,4月,9,2027/01/27,71968,0,71968,53976,17992,通常
21,緒方 美穂,シエンタ,4月,10,2027/02/27,71968,0,71968,53976,17992,通常
21,緒方 美穂,シエンタ,4月,11,2027/03/27,71968,0,71968,53976,17992,通常
21,緒方 美穂,シエンタ,4月,12,2027/04/27,71968,0,71968,53976,17992,通常
21,緒方 美穂,シエンタ,4月,13,2027/05/27,71968,0,71968,53976,17992,通常
21,緒方 美穂,シエンタ,4月,14,2027/06/27,71968,0,71968,53976,17992,通常
21,緒方 美穂,シエンタ,4月,15,2027/07/27,71968,0,71968,53976,17992,通常
21,緒方 美穂,シエンタ,4月,16,2027/08/27,71968,0,71968,53976,17992,通常
21,緒方 美穂,シエンタ,4月,17,2027/09/27,71968,0,71968,53976,17992,通常
21,緒方 美穂,シエンタ,4月,18,2027/10/27,71968,0,71968,53976,17992,通常
21,緒方 美穂,シエンタ,4月,19,2027/11/27,71968,0,71968,53976,17992,通常
21,緒方 美穂,シエンタ,4月,20,2027/12/27,71968,0,71968,53976,17992,通常
21,緒方 美穂,シエンタ,4月,21,2028/01/27,71968,0,71968,53976,17992,通常
21,緒方 美穂,シエンタ,4月,22,2028/02/27,71968,0,71968,53976,17992,通常
21,緒方 美穂,シエンタ,4月,23,2028/03/27,71968,0,71968,53976,17992,通常
21,緒方 美穂,シエンタ,4月,24,2028/04/27,71968,0,71968,53976,17992,通常
21,緒方 美穂,シエンタ,4月,25,2028/05/27,71968,0,71968,53976,17992,通常
21,緒方 美穂,シエンタ,4月,26,2028/06/27,71968,0,71968,53976,17992,通常
21,緒方 美穂,シエンタ,4月,27,2028/07/27,71968,0,71968,53976,17992,通常
21,緒方 美穂,シエンタ,4月,28,2028/08/27,71968,0,71968,53976,17992,通常
21,緒方 美穂,シエンタ,4月,29,2028/09/27,71968,0,71968,53976,17992,通常
21,緒方 美穂,シエンタ,4月,30,2028/10/27,71968,0,71968,53976,17992,通常
21,緒方 美穂,シエンタ,4月,31,2028/11/27,71968,0,71968,53976,17992,通常
21,緒方 美穂,シエンタ,4月,32,2028/12/27,71968,0,71968,53976,17992,通常
21,緒方 美穂,シエンタ,4月,33,2029/01/27,71968,0,71968,53976,17992,通常
21,緒方 美穂,シエンタ,4月,34,2029/02/27,71968,0,71968,53976,17992,通常
21,緒方 美穂,シエンタ,4月,35,2029/03/27,71968,0,71968,53976,17992,通常
21,緒方 美穂,シエンタ,4月,36,2029/04/27,71968,0,71968,53976,17992,通常
21,緒方 美穂,シエンタ,4月,37,2029/05/27,71968,0,71968,53976,17992,通常
21,緒方 美穂,シエンタ,4月,38,2029/06/27,71968,0,71968,53976,17992,通常
21,緒方 美穂,シエンタ,4月,39,2029/07/27,71968,0,71968,53976,17992,通常
21,緒方 美穂,シエンタ,4月,40,2029/08/27,71968,0,71968,53976,17992,通常
21,緒方 美穂,シエンタ,4月,41,2029/09/27,71968,0,71968,53976,17992,通常
21,緒方 美穂,シエンタ,4月,42,2029/10/27,71968,0,71968,53976,17992,通常
21,緒方 美穂,シエンタ,4月,43,2029/11/27,71968,0,71968,53976,17992,通常
21,緒方 美穂,シエンタ,4月,44,2029/12/27,71968,0,71968,53976,17992,通常
21,緒方 美穂,シエンタ,4月,45,2030/01/27,71968,0,71968,53976,17992,通常
21,緒方 美穂,シエンタ,4月,46,2030/02/27,71968,0,71968,53976,17992,通常
21,緒方 美穂,シエンタ,4月,47,2030/03/27,71968,0,71968,53976,17992,通常
21,緒方 美穂,シエンタ,4月,48,2030/04/27,71968,0,71968,53976,17992,通常
22,山田 夏鈴,80ヴォクシー,4月,1,2026/05/27,42733,0,42733,32050,10683,通常
22,山田 夏鈴,80ヴォクシー,4月,2,2026/06/27,42733,0,42733,32050,10683,通常
22,山田 夏鈴,80ヴォクシー,4月,3,2026/07/27,42733,0,42733,32050,10683,通常
22,山田 夏鈴,80ヴォクシー,4月,4,2026/08/27,42733,60000,102733,77050,25683,通常
22,山田 夏鈴,80ヴォクシー,4月,5,2026/09/27,42733,0,42733,32050,10683,通常
22,山田 夏鈴,80ヴォクシー,4月,6,2026/10/27,42733,0,42733,32050,10683,通常
22,山田 夏鈴,80ヴォクシー,4月,7,2026/11/27,42733,0,42733,32050,10683,通常
22,山田 夏鈴,80ヴォクシー,4月,8,2026/12/27,42733,60000,102733,77050,25683,通常
22,山田 夏鈴,80ヴォクシー,4月,9,2027/01/27,42733,0,42733,32050,10683,通常
22,山田 夏鈴,80ヴォクシー,4月,10,2027/02/27,42733,0,42733,32050,10683,通常
22,山田 夏鈴,80ヴォクシー,4月,11,2027/03/27,42733,0,42733,32050,10683,通常
22,山田 夏鈴,80ヴォクシー,4月,12,2027/04/27,42733,0,42733,32050,10683,通常
22,山田 夏鈴,80ヴォクシー,4月,13,2027/05/27,42733,0,42733,32050,10683,通常
22,山田 夏鈴,80ヴォクシー,4月,14,2027/06/27,42733,0,42733,32050,10683,通常
22,山田 夏鈴,80ヴォクシー,4月,15,2027/07/27,42733,0,42733,32050,10683,通常
22,山田 夏鈴,80ヴォクシー,4月,16,2027/08/27,42733,60000,102733,77050,25683,通常
22,山田 夏鈴,80ヴォクシー,4月,17,2027/09/27,42733,0,42733,32050,10683,通常
22,山田 夏鈴,80ヴォクシー,4月,18,2027/10/27,42733,0,42733,32050,10683,通常
22,山田 夏鈴,80ヴォクシー,4月,19,2027/11/27,42733,0,42733,32050,10683,通常
22,山田 夏鈴,80ヴォクシー,4月,20,2027/12/27,42733,60000,102733,77050,25683,通常
22,山田 夏鈴,80ヴォクシー,4月,21,2028/01/27,42733,0,42733,32050,10683,通常
22,山田 夏鈴,80ヴォクシー,4月,22,2028/02/27,42733,0,42733,32050,10683,通常
22,山田 夏鈴,80ヴォクシー,4月,23,2028/03/27,42733,0,42733,32050,10683,通常
22,山田 夏鈴,80ヴォクシー,4月,24,2028/04/27,42733,0,42733,32050,10683,通常
22,山田 夏鈴,80ヴォクシー,4月,25,2028/05/27,42733,0,42733,32050,10683,通常
22,山田 夏鈴,80ヴォクシー,4月,26,2028/06/27,42733,0,42733,32050,10683,通常
22,山田 夏鈴,80ヴォクシー,4月,27,2028/07/27,42733,0,42733,32050,10683,通常
22,山田 夏鈴,80ヴォクシー,4月,28,2028/08/27,42733,60000,102733,77050,25683,通常
22,山田 夏鈴,80ヴォクシー,4月,29,2028/09/27,42733,0,42733,32050,10683,通常
22,山田 夏鈴,80ヴォクシー,4月,30,2028/10/27,42733,0,42733,32050,10683,通常
22,山田 夏鈴,80ヴォクシー,4月,31,2028/11/27,42733,0,42733,32050,10683,通常
22,山田 夏鈴,80ヴォクシー,4月,32,2028/12/27,42733,60000,102733,77050,25683,通常
22,山田 夏鈴,80ヴォクシー,4月,33,2029/01/27,42733,0,42733,32050,10683,通常
22,山田 夏鈴,80ヴォクシー,4月,34,2029/02/27,42733,0,42733,32050,10683,通常
22,山田 夏鈴,80ヴォクシー,4月,35,2029/03/27,42733,0,42733,32050,10683,通常
22,山田 夏鈴,80ヴォクシー,4月,36,2029/04/27,42733,0,42733,32050,10683,通常
22,山田 夏鈴,80ヴォクシー,4月,37,2029/05/27,42733,0,42733,32050,10683,通常
22,山田 夏鈴,80ヴォクシー,4月,38,2029/06/27,42733,0,42733,32050,10683,通常
22,山田 夏鈴,80ヴォクシー,4月,39,2029/07/27,42733,0,42733,32050,10683,通常
22,山田 夏鈴,80ヴォクシー,4月,40,2029/08/27,42733,60000,102733,77050,25683,通常
22,山田 夏鈴,80ヴォクシー,4月,41,2029/09/27,42733,0,42733,32050,10683,通常
22,山田 夏鈴,80ヴォクシー,4月,42,2029/10/27,42733,0,42733,32050,10683,通常
22,山田 夏鈴,80ヴォクシー,4月,43,2029/11/27,42733,0,42733,32050,10683,通常
22,山田 夏鈴,80ヴォクシー,4月,44,2029/12/27,42733,60000,102733,77050,25683,通常
22,山田 夏鈴,80ヴォクシー,4月,45,2030/01/27,42733,0,42733,32050,10683,通常
22,山田 夏鈴,80ヴォクシー,4月,46,2030/02/27,42733,0,42733,32050,10683,通常
22,山田 夏鈴,80ヴォクシー,4月,47,2030/03/27,42733,0,42733,32050,10683,通常
22,山田 夏鈴,80ヴォクシー,4月,48,2030/04/27,42733,0,42733,32050,10683,通常
23,野中 彰太,トヨタ 86,4月,1,2026/05/27,78755,0,78755,59066,19689,通常
23,野中 彰太,トヨタ 86,4月,2,2026/06/27,78755,0,78755,59066,19689,通常
23,野中 彰太,トヨタ 86,4月,3,2026/07/27,78755,30000,108755,81566,27189,通常
23,野中 彰太,トヨタ 86,4月,4,2026/08/27,78755,0,78755,59066,19689,通常
23,野中 彰太,トヨタ 86,4月,5,2026/09/27,78755,0,78755,59066,19689,通常
23,野中 彰太,トヨタ 86,4月,6,2026/10/27,78755,0,78755,59066,19689,通常
23,野中 彰太,トヨタ 86,4月,7,2026/11/27,78755,0,78755,59066,19689,通常
23,野中 彰太,トヨタ 86,4月,8,2026/12/27,78755,30000,108755,81566,27189,通常
23,野中 彰太,トヨタ 86,4月,9,2027/01/27,78755,0,78755,59066,19689,通常
23,野中 彰太,トヨタ 86,4月,10,2027/02/27,78755,0,78755,59066,19689,通常
23,野中 彰太,トヨタ 86,4月,11,2027/03/27,78755,0,78755,59066,19689,通常
23,野中 彰太,トヨタ 86,4月,12,2027/04/27,78755,0,78755,59066,19689,通常
23,野中 彰太,トヨタ 86,4月,13,2027/05/27,78755,0,78755,59066,19689,通常
23,野中 彰太,トヨタ 86,4月,14,2027/06/27,78755,0,78755,59066,19689,通常
23,野中 彰太,トヨタ 86,4月,15,2027/07/27,78755,30000,108755,81566,27189,通常
23,野中 彰太,トヨタ 86,4月,16,2027/08/27,78755,0,78755,59066,19689,通常
23,野中 彰太,トヨタ 86,4月,17,2027/09/27,78755,0,78755,59066,19689,通常
23,野中 彰太,トヨタ 86,4月,18,2027/10/27,78755,0,78755,59066,19689,通常
23,野中 彰太,トヨタ 86,4月,19,2027/11/27,78755,0,78755,59066,19689,通常
23,野中 彰太,トヨタ 86,4月,20,2027/12/27,78755,30000,108755,81566,27189,通常
23,野中 彰太,トヨタ 86,4月,21,2028/01/27,78755,0,78755,59066,19689,通常
23,野中 彰太,トヨタ 86,4月,22,2028/02/27,78755,0,78755,59066,19689,通常
23,野中 彰太,トヨタ 86,4月,23,2028/03/27,78755,0,78755,59066,19689,通常
23,野中 彰太,トヨタ 86,4月,24,2028/04/27,78755,0,78755,59066,19689,通常
23,野中 彰太,トヨタ 86,4月,25,2028/05/27,78755,0,78755,59066,19689,通常
23,野中 彰太,トヨタ 86,4月,26,2028/06/27,78755,0,78755,59066,19689,通常
23,野中 彰太,トヨタ 86,4月,27,2028/07/27,78755,30000,108755,81566,27189,通常
23,野中 彰太,トヨタ 86,4月,28,2028/08/27,78755,0,78755,59066,19689,通常
23,野中 彰太,トヨタ 86,4月,29,2028/09/27,78755,0,78755,59066,19689,通常
23,野中 彰太,トヨタ 86,4月,30,2028/10/27,78755,0,78755,59066,19689,通常
23,野中 彰太,トヨタ 86,4月,31,2028/11/27,78755,0,78755,59066,19689,通常
23,野中 彰太,トヨタ 86,4月,32,2028/12/27,78755,30000,108755,81566,27189,通常
23,野中 彰太,トヨタ 86,4月,33,2029/01/27,78755,0,78755,59066,19689,通常
23,野中 彰太,トヨタ 86,4月,34,2029/02/27,78755,0,78755,59066,19689,通常
23,野中 彰太,トヨタ 86,4月,35,2029/03/27,78755,0,78755,59066,19689,通常
23,野中 彰太,トヨタ 86,4月,36,2029/04/27,78755,0,78755,59066,19689,通常
23,野中 彰太,トヨタ 86,4月,37,2029/05/27,78755,0,78755,59066,19689,通常
23,野中 彰太,トヨタ 86,4月,38,2029/06/27,78755,0,78755,59066,19689,通常
23,野中 彰太,トヨタ 86,4月,39,2029/07/27,78755,30000,108755,81566,27189,通常
23,野中 彰太,トヨタ 86,4月,40,2029/08/27,78755,0,78755,59066,19689,通常
23,野中 彰太,トヨタ 86,4月,41,2029/09/27,78755,0,78755,59066,19689,通常
23,野中 彰太,トヨタ 86,4月,42,2029/10/27,78755,0,78755,59066,19689,通常
23,野中 彰太,トヨタ 86,4月,43,2029/11/27,78755,0,78755,59066,19689,通常
23,野中 彰太,トヨタ 86,4月,44,2029/12/27,78755,30000,108755,81566,27189,通常
23,野中 彰太,トヨタ 86,4月,45,2030/01/27,78755,0,78755,59066,19689,通常
23,野中 彰太,トヨタ 86,4月,46,2030/02/27,78755,0,78755,59066,19689,通常
23,野中 彰太,トヨタ 86,4月,47,2030/03/27,78755,0,78755,59066,19689,通常
23,野中 彰太,トヨタ 86,4月,48,2030/04/27,78755,0,78755,59066,19689,通常
24,熊上 英加,セレナハイブリッド,5月,1,2026/06/27,58411,100000,158411,118808,39603,通常
24,熊上 英加,セレナハイブリッド,5月,2,2026/07/27,58411,0,58411,43808,14603,通常
24,熊上 英加,セレナハイブリッド,5月,3,2026/08/27,58411,0,58411,43808,14603,通常
24,熊上 英加,セレナハイブリッド,5月,4,2026/09/27,58411,0,58411,43808,14603,通常
24,熊上 英加,セレナハイブリッド,5月,5,2026/10/27,58411,0,58411,43808,14603,通常
24,熊上 英加,セレナハイブリッド,5月,6,2026/11/27,58411,0,58411,43808,14603,通常
24,熊上 英加,セレナハイブリッド,5月,7,2026/12/27,58411,100000,158411,118808,39603,通常
24,熊上 英加,セレナハイブリッド,5月,8,2027/01/27,58411,0,58411,43808,14603,通常
24,熊上 英加,セレナハイブリッド,5月,9,2027/02/27,58411,0,58411,43808,14603,通常
24,熊上 英加,セレナハイブリッド,5月,10,2027/03/27,58411,0,58411,43808,14603,通常
24,熊上 英加,セレナハイブリッド,5月,11,2027/04/27,58411,0,58411,43808,14603,通常
24,熊上 英加,セレナハイブリッド,5月,12,2027/05/27,58411,0,58411,43808,14603,通常
24,熊上 英加,セレナハイブリッド,5月,13,2027/06/27,58411,100000,158411,118808,39603,通常
24,熊上 英加,セレナハイブリッド,5月,14,2027/07/27,58411,0,58411,43808,14603,通常
24,熊上 英加,セレナハイブリッド,5月,15,2027/08/27,58411,0,58411,43808,14603,通常
24,熊上 英加,セレナハイブリッド,5月,16,2027/09/27,58411,0,58411,43808,14603,通常
24,熊上 英加,セレナハイブリッド,5月,17,2027/10/27,58411,0,58411,43808,14603,通常
24,熊上 英加,セレナハイブリッド,5月,18,2027/11/27,58411,0,58411,43808,14603,通常
24,熊上 英加,セレナハイブリッド,5月,19,2027/12/27,58411,100000,158411,118808,39603,通常
24,熊上 英加,セレナハイブリッド,5月,20,2028/01/27,58411,0,58411,43808,14603,通常
24,熊上 英加,セレナハイブリッド,5月,21,2028/02/27,58411,0,58411,43808,14603,通常
24,熊上 英加,セレナハイブリッド,5月,22,2028/03/27,58411,0,58411,43808,14603,通常
24,熊上 英加,セレナハイブリッド,5月,23,2028/04/27,58411,0,58411,43808,14603,通常
24,熊上 英加,セレナハイブリッド,5月,24,2028/05/27,58411,0,58411,43808,14603,通常
24,熊上 英加,セレナハイブリッド,5月,25,2028/06/27,58411,100000,158411,118808,39603,通常
24,熊上 英加,セレナハイブリッド,5月,26,2028/07/27,58411,0,58411,43808,14603,通常
24,熊上 英加,セレナハイブリッド,5月,27,2028/08/27,58411,0,58411,43808,14603,通常
24,熊上 英加,セレナハイブリッド,5月,28,2028/09/27,58411,0,58411,43808,14603,通常
24,熊上 英加,セレナハイブリッド,5月,29,2028/10/27,58411,0,58411,43808,14603,通常
24,熊上 英加,セレナハイブリッド,5月,30,2028/11/27,58411,0,58411,43808,14603,通常
24,熊上 英加,セレナハイブリッド,5月,31,2028/12/27,58411,100000,158411,118808,39603,通常
24,熊上 英加,セレナハイブリッド,5月,32,2029/01/27,58411,0,58411,43808,14603,通常
24,熊上 英加,セレナハイブリッド,5月,33,2029/02/27,58411,0,58411,43808,14603,通常
24,熊上 英加,セレナハイブリッド,5月,34,2029/03/27,58411,0,58411,43808,14603,通常
24,熊上 英加,セレナハイブリッド,5月,35,2029/04/27,58411,0,58411,43808,14603,通常
24,熊上 英加,セレナハイブリッド,5月,36,2029/05/27,58411,0,58411,43808,14603,通常
24,熊上 英加,セレナハイブリッド,5月,37,2029/06/27,58411,100000,158411,118808,39603,通常
24,熊上 英加,セレナハイブリッド,5月,38,2029/07/27,58411,0,58411,43808,14603,通常
24,熊上 英加,セレナハイブリッド,5月,39,2029/08/27,58411,0,58411,43808,14603,通常
24,熊上 英加,セレナハイブリッド,5月,40,2029/09/27,58411,0,58411,43808,14603,通常
24,熊上 英加,セレナハイブリッド,5月,41,2029/10/27,58411,0,58411,43808,14603,通常
24,熊上 英加,セレナハイブリッド,5月,42,2029/11/27,58411,0,58411,43808,14603,通常
24,熊上 英加,セレナハイブリッド,5月,43,2029/12/27,58411,100000,158411,118808,39603,通常
24,熊上 英加,セレナハイブリッド,5月,44,2030/01/27,58411,0,58411,43808,14603,通常
24,熊上 英加,セレナハイブリッド,5月,45,2030/02/27,58411,0,58411,43808,14603,通常
24,熊上 英加,セレナハイブリッド,5月,46,2030/03/27,58411,0,58411,43808,14603,通常
24,熊上 英加,セレナハイブリッド,5月,47,2030/04/27,58411,0,58411,43808,14603,通常
24,熊上 英加,セレナハイブリッド,5月,48,2030/05/27,58411,0,58411,43808,14603,通常
25,園田 将貴,プリウスα,5月,1,2026/06/27,51495,0,51495,38621,12874,通常
25,園田 将貴,プリウスα,5月,2,2026/07/27,51495,0,51495,38621,12874,通常
25,園田 将貴,プリウスα,5月,3,2026/08/27,51495,0,51495,38621,12874,通常
25,園田 将貴,プリウスα,5月,4,2026/09/27,51495,0,51495,38621,12874,通常
25,園田 将貴,プリウスα,5月,5,2026/10/27,51495,0,51495,38621,12874,通常
25,園田 将貴,プリウスα,5月,6,2026/11/27,51495,0,51495,38621,12874,通常
25,園田 将貴,プリウスα,5月,7,2026/12/27,51495,0,51495,38621,12874,通常
25,園田 将貴,プリウスα,5月,8,2027/01/27,51495,0,51495,38621,12874,通常
25,園田 将貴,プリウスα,5月,9,2027/02/27,51495,0,51495,38621,12874,通常
25,園田 将貴,プリウスα,5月,10,2027/03/27,51495,0,51495,38621,12874,通常
25,園田 将貴,プリウスα,5月,11,2027/04/27,51495,0,51495,38621,12874,通常
25,園田 将貴,プリウスα,5月,12,2027/05/27,51495,0,51495,38621,12874,通常
25,園田 将貴,プリウスα,5月,13,2027/06/27,51495,0,51495,38621,12874,通常
25,園田 将貴,プリウスα,5月,14,2027/07/27,51495,0,51495,38621,12874,通常
25,園田 将貴,プリウスα,5月,15,2027/08/27,51495,0,51495,38621,12874,通常
25,園田 将貴,プリウスα,5月,16,2027/09/27,51495,0,51495,38621,12874,通常
25,園田 将貴,プリウスα,5月,17,2027/10/27,51495,0,51495,38621,12874,通常
25,園田 将貴,プリウスα,5月,18,2027/11/27,51495,0,51495,38621,12874,通常
25,園田 将貴,プリウスα,5月,19,2027/12/27,51495,0,51495,38621,12874,通常
25,園田 将貴,プリウスα,5月,20,2028/01/27,51495,0,51495,38621,12874,通常
25,園田 将貴,プリウスα,5月,21,2028/02/27,51495,0,51495,38621,12874,通常
25,園田 将貴,プリウスα,5月,22,2028/03/27,51495,0,51495,38621,12874,通常
25,園田 将貴,プリウスα,5月,23,2028/04/27,51495,0,51495,38621,12874,通常
25,園田 将貴,プリウスα,5月,24,2028/05/27,51495,0,51495,38621,12874,通常
25,園田 将貴,プリウスα,5月,25,2028/06/27,51495,0,51495,38621,12874,通常
25,園田 将貴,プリウスα,5月,26,2028/07/27,51495,0,51495,38621,12874,通常
25,園田 将貴,プリウスα,5月,27,2028/08/27,51495,0,51495,38621,12874,通常
25,園田 将貴,プリウスα,5月,28,2028/09/27,51495,0,51495,38621,12874,通常
25,園田 将貴,プリウスα,5月,29,2028/10/27,51495,0,51495,38621,12874,通常
25,園田 将貴,プリウスα,5月,30,2028/11/27,51495,0,51495,38621,12874,通常
25,園田 将貴,プリウスα,5月,31,2028/12/27,51495,0,51495,38621,12874,通常
25,園田 将貴,プリウスα,5月,32,2029/01/27,51495,0,51495,38621,12874,通常
25,園田 将貴,プリウスα,5月,33,2029/02/27,51495,0,51495,38621,12874,通常
25,園田 将貴,プリウスα,5月,34,2029/03/27,51495,0,51495,38621,12874,通常
25,園田 将貴,プリウスα,5月,35,2029/04/27,51495,0,51495,38621,12874,通常
25,園田 将貴,プリウスα,5月,36,2029/05/27,51495,0,51495,38621,12874,通常
25,園田 将貴,プリウスα,5月,37,2029/06/27,51495,0,51495,38621,12874,通常
25,園田 将貴,プリウスα,5月,38,2029/07/27,51495,0,51495,38621,12874,通常
25,園田 将貴,プリウスα,5月,39,2029/08/27,51495,0,51495,38621,12874,通常
25,園田 将貴,プリウスα,5月,40,2029/09/27,51495,0,51495,38621,12874,通常
25,園田 将貴,プリウスα,5月,41,2029/10/27,51495,0,51495,38621,12874,通常
25,園田 将貴,プリウスα,5月,42,2029/11/27,51495,0,51495,38621,12874,通常
25,園田 将貴,プリウスα,5月,43,2029/12/27,51495,0,51495,38621,12874,通常
25,園田 将貴,プリウスα,5月,44,2030/01/27,51495,0,51495,38621,12874,通常
25,園田 将貴,プリウスα,5月,45,2030/02/27,51495,0,51495,38621,12874,通常
25,園田 将貴,プリウスα,5月,46,2030/03/27,51495,0,51495,38621,12874,通常
25,園田 将貴,プリウスα,5月,47,2030/04/27,51495,0,51495,38621,12874,通常
25,園田 将貴,プリウスα,5月,48,2030/05/27,51495,0,51495,38621,12874,通常
26,桐川 陽平,CH-R,5月,1,2026/06/27,78000,0,78000,58500,19500,通常
26,桐川 陽平,CH-R,5月,2,2026/07/27,78000,0,78000,58500,19500,通常
26,桐川 陽平,CH-R,5月,3,2026/08/27,78000,0,78000,58500,19500,通常
26,桐川 陽平,CH-R,5月,4,2026/09/27,78000,0,78000,58500,19500,通常
26,桐川 陽平,CH-R,5月,5,2026/10/27,78000,0,78000,58500,19500,通常
26,桐川 陽平,CH-R,5月,6,2026/11/27,78000,0,78000,58500,19500,通常
26,桐川 陽平,CH-R,5月,7,2026/12/27,78000,100000,178000,133500,44500,通常
26,桐川 陽平,CH-R,5月,8,2027/01/27,78000,0,78000,58500,19500,通常
26,桐川 陽平,CH-R,5月,9,2027/02/27,78000,0,78000,58500,19500,通常
26,桐川 陽平,CH-R,5月,10,2027/03/27,78000,100000,178000,133500,44500,通常
26,桐川 陽平,CH-R,5月,11,2027/04/27,78000,0,78000,58500,19500,通常
26,桐川 陽平,CH-R,5月,12,2027/05/27,78000,0,78000,58500,19500,通常
26,桐川 陽平,CH-R,5月,13,2027/06/27,78000,0,78000,58500,19500,通常
26,桐川 陽平,CH-R,5月,14,2027/07/27,78000,0,78000,58500,19500,通常
26,桐川 陽平,CH-R,5月,15,2027/08/27,78000,0,78000,58500,19500,通常
26,桐川 陽平,CH-R,5月,16,2027/09/27,78000,0,78000,58500,19500,通常
26,桐川 陽平,CH-R,5月,17,2027/10/27,78000,0,78000,58500,19500,通常
26,桐川 陽平,CH-R,5月,18,2027/11/27,78000,0,78000,58500,19500,通常
26,桐川 陽平,CH-R,5月,19,2027/12/27,78000,100000,178000,133500,44500,通常
26,桐川 陽平,CH-R,5月,20,2028/01/27,78000,0,78000,58500,19500,通常
26,桐川 陽平,CH-R,5月,21,2028/02/27,78000,0,78000,58500,19500,通常
26,桐川 陽平,CH-R,5月,22,2028/03/27,78000,100000,178000,133500,44500,通常
26,桐川 陽平,CH-R,5月,23,2028/04/27,78000,0,78000,58500,19500,通常
26,桐川 陽平,CH-R,5月,24,2028/05/27,78000,0,78000,58500,19500,通常
26,桐川 陽平,CH-R,5月,25,2028/06/27,78000,0,78000,58500,19500,通常
26,桐川 陽平,CH-R,5月,26,2028/07/27,78000,0,78000,58500,19500,通常
26,桐川 陽平,CH-R,5月,27,2028/08/27,78000,0,78000,58500,19500,通常
26,桐川 陽平,CH-R,5月,28,2028/09/27,78000,0,78000,58500,19500,通常
26,桐川 陽平,CH-R,5月,29,2028/10/27,78000,0,78000,58500,19500,通常
26,桐川 陽平,CH-R,5月,30,2028/11/27,78000,0,78000,58500,19500,通常
26,桐川 陽平,CH-R,5月,31,2028/12/27,78000,100000,178000,133500,44500,通常
26,桐川 陽平,CH-R,5月,32,2029/01/27,78000,0,78000,58500,19500,通常
26,桐川 陽平,CH-R,5月,33,2029/02/27,78000,0,78000,58500,19500,通常
26,桐川 陽平,CH-R,5月,34,2029/03/27,78000,100000,178000,133500,44500,通常
26,桐川 陽平,CH-R,5月,35,2029/04/27,78000,0,78000,58500,19500,通常
26,桐川 陽平,CH-R,5月,36,2029/05/27,78000,0,78000,58500,19500,通常
26,桐川 陽平,CH-R,5月,37,2029/06/27,78000,0,78000,58500,19500,通常
26,桐川 陽平,CH-R,5月,38,2029/07/27,78000,0,78000,58500,19500,通常
26,桐川 陽平,CH-R,5月,39,2029/08/27,78000,0,78000,58500,19500,通常
26,桐川 陽平,CH-R,5月,40,2029/09/27,78000,0,78000,58500,19500,通常
26,桐川 陽平,CH-R,5月,41,2029/10/27,78000,0,78000,58500,19500,通常
26,桐川 陽平,CH-R,5月,42,2029/11/27,78000,0,78000,58500,19500,通常
26,桐川 陽平,CH-R,5月,43,2029/12/27,78000,100000,178000,133500,44500,通常
26,桐川 陽平,CH-R,5月,44,2030/01/27,78000,0,78000,58500,19500,通常
26,桐川 陽平,CH-R,5月,45,2030/02/27,78000,0,78000,58500,19500,通常
26,桐川 陽平,CH-R,5月,46,2030/03/27,78000,100000,178000,133500,44500,通常
26,桐川 陽平,CH-R,5月,47,2030/04/27,78000,0,78000,58500,19500,通常
26,桐川 陽平,CH-R,5月,48,2030/05/27,78000,0,78000,58500,19500,通常
27,矢野 樹莉,レヴォーグ,5月,1,2026/06/27,50663,0,50663,37997,12666,通常
27,矢野 樹莉,レヴォーグ,5月,2,2026/07/27,50663,0,50663,37997,12666,通常
27,矢野 樹莉,レヴォーグ,5月,3,2026/08/27,50663,150000,200663,150497,50166,通常
27,矢野 樹莉,レヴォーグ,5月,4,2026/09/27,50663,0,50663,37997,12666,通常
27,矢野 樹莉,レヴォーグ,5月,5,2026/10/27,50663,0,50663,37997,12666,通常
27,矢野 樹莉,レヴォーグ,5月,6,2026/11/27,50663,0,50663,37997,12666,通常
27,矢野 樹莉,レヴォーグ,5月,7,2026/12/27,50663,150000,200663,150497,50166,通常
27,矢野 樹莉,レヴォーグ,5月,8,2027/01/27,50663,0,50663,37997,12666,通常
27,矢野 樹莉,レヴォーグ,5月,9,2027/02/27,50663,0,50663,37997,12666,通常
27,矢野 樹莉,レヴォーグ,5月,10,2027/03/27,50663,0,50663,37997,12666,通常
27,矢野 樹莉,レヴォーグ,5月,11,2027/04/27,50663,0,50663,37997,12666,通常
27,矢野 樹莉,レヴォーグ,5月,12,2027/05/27,50663,0,50663,37997,12666,通常
27,矢野 樹莉,レヴォーグ,5月,13,2027/06/27,50663,0,50663,37997,12666,通常
27,矢野 樹莉,レヴォーグ,5月,14,2027/07/27,50663,0,50663,37997,12666,通常
27,矢野 樹莉,レヴォーグ,5月,15,2027/08/27,50663,150000,200663,150497,50166,通常
27,矢野 樹莉,レヴォーグ,5月,16,2027/09/27,50663,0,50663,37997,12666,通常
27,矢野 樹莉,レヴォーグ,5月,17,2027/10/27,50663,0,50663,37997,12666,通常
27,矢野 樹莉,レヴォーグ,5月,18,2027/11/27,50663,0,50663,37997,12666,通常
27,矢野 樹莉,レヴォーグ,5月,19,2027/12/27,50663,150000,200663,150497,50166,通常
27,矢野 樹莉,レヴォーグ,5月,20,2028/01/27,50663,0,50663,37997,12666,通常
27,矢野 樹莉,レヴォーグ,5月,21,2028/02/27,50663,0,50663,37997,12666,通常
27,矢野 樹莉,レヴォーグ,5月,22,2028/03/27,50663,0,50663,37997,12666,通常
27,矢野 樹莉,レヴォーグ,5月,23,2028/04/27,50663,0,50663,37997,12666,通常
27,矢野 樹莉,レヴォーグ,5月,24,2028/05/27,50663,0,50663,37997,12666,通常
27,矢野 樹莉,レヴォーグ,5月,25,2028/06/27,50663,0,50663,37997,12666,通常
27,矢野 樹莉,レヴォーグ,5月,26,2028/07/27,50663,0,50663,37997,12666,通常
27,矢野 樹莉,レヴォーグ,5月,27,2028/08/27,50663,150000,200663,150497,50166,通常
27,矢野 樹莉,レヴォーグ,5月,28,2028/09/27,50663,0,50663,37997,12666,通常
27,矢野 樹莉,レヴォーグ,5月,29,2028/10/27,50663,0,50663,37997,12666,通常
27,矢野 樹莉,レヴォーグ,5月,30,2028/11/27,50663,0,50663,37997,12666,通常
27,矢野 樹莉,レヴォーグ,5月,31,2028/12/27,50663,150000,200663,150497,50166,通常
27,矢野 樹莉,レヴォーグ,5月,32,2029/01/27,50663,0,50663,37997,12666,通常
27,矢野 樹莉,レヴォーグ,5月,33,2029/02/27,50663,0,50663,37997,12666,通常
27,矢野 樹莉,レヴォーグ,5月,34,2029/03/27,50663,0,50663,37997,12666,通常
27,矢野 樹莉,レヴォーグ,5月,35,2029/04/27,50663,0,50663,37997,12666,通常
27,矢野 樹莉,レヴォーグ,5月,36,2029/05/27,50663,0,50663,37997,12666,通常
27,矢野 樹莉,レヴォーグ,5月,37,2029/06/27,50663,0,50663,37997,12666,通常
27,矢野 樹莉,レヴォーグ,5月,38,2029/07/27,50663,0,50663,37997,12666,通常
27,矢野 樹莉,レヴォーグ,5月,39,2029/08/27,50663,150000,200663,150497,50166,通常
27,矢野 樹莉,レヴォーグ,5月,40,2029/09/27,50663,0,50663,37997,12666,通常
27,矢野 樹莉,レヴォーグ,5月,41,2029/10/27,50663,0,50663,37997,12666,通常
27,矢野 樹莉,レヴォーグ,5月,42,2029/11/27,50663,0,50663,37997,12666,通常
27,矢野 樹莉,レヴォーグ,5月,43,2029/12/27,50663,150000,200663,150497,50166,通常
27,矢野 樹莉,レヴォーグ,5月,44,2030/01/27,50663,0,50663,37997,12666,通常
27,矢野 樹莉,レヴォーグ,5月,45,2030/02/27,50663,0,50663,37997,12666,通常
27,矢野 樹莉,レヴォーグ,5月,46,2030/03/27,50663,0,50663,37997,12666,通常
27,矢野 樹莉,レヴォーグ,5月,47,2030/04/27,50663,0,50663,37997,12666,通常
27,矢野 樹莉,レヴォーグ,5月,48,2030/05/27,50663,0,50663,37997,12666,通常
28,西村 涼,アクア（シルバー）,5月,1,2026/06/27,38000,0,38000,28500,9500,通常
28,西村 涼,アクア（シルバー）,5月,2,2026/07/27,38000,0,38000,28500,9500,通常
28,西村 涼,アクア（シルバー）,5月,3,2026/08/27,38000,0,38000,28500,9500,通常
28,西村 涼,アクア（シルバー）,5月,4,2026/09/27,38000,0,38000,28500,9500,通常
28,西村 涼,アクア（シルバー）,5月,5,2026/10/27,38000,0,38000,28500,9500,通常
28,西村 涼,アクア（シルバー）,5月,6,2026/11/27,38000,0,38000,28500,9500,通常
28,西村 涼,アクア（シルバー）,5月,7,2026/12/27,38000,0,38000,28500,9500,通常
28,西村 涼,アクア（シルバー）,5月,8,2027/01/27,38000,0,38000,28500,9500,通常
28,西村 涼,アクア（シルバー）,5月,9,2027/02/27,38000,0,38000,28500,9500,通常
28,西村 涼,アクア（シルバー）,5月,10,2027/03/27,38000,0,38000,28500,9500,通常
28,西村 涼,アクア（シルバー）,5月,11,2027/04/27,38000,0,38000,28500,9500,通常
28,西村 涼,アクア（シルバー）,5月,12,2027/05/27,38000,0,38000,28500,9500,通常
28,西村 涼,アクア（シルバー）,5月,13,2027/06/27,38000,0,38000,28500,9500,通常
28,西村 涼,アクア（シルバー）,5月,14,2027/07/27,38000,0,38000,28500,9500,通常
28,西村 涼,アクア（シルバー）,5月,15,2027/08/27,38000,0,38000,28500,9500,通常
28,西村 涼,アクア（シルバー）,5月,16,2027/09/27,38000,0,38000,28500,9500,通常
28,西村 涼,アクア（シルバー）,5月,17,2027/10/27,38000,0,38000,28500,9500,通常
28,西村 涼,アクア（シルバー）,5月,18,2027/11/27,38000,0,38000,28500,9500,通常
28,西村 涼,アクア（シルバー）,5月,19,2027/12/27,38000,0,38000,28500,9500,通常
28,西村 涼,アクア（シルバー）,5月,20,2028/01/27,38000,0,38000,28500,9500,通常
28,西村 涼,アクア（シルバー）,5月,21,2028/02/27,38000,0,38000,28500,9500,通常
28,西村 涼,アクア（シルバー）,5月,22,2028/03/27,38000,0,38000,28500,9500,通常
28,西村 涼,アクア（シルバー）,5月,23,2028/04/27,38000,0,38000,28500,9500,通常
28,西村 涼,アクア（シルバー）,5月,24,2028/05/27,38000,0,38000,28500,9500,通常
28,西村 涼,アクア（シルバー）,5月,25,2028/06/27,38000,0,38000,28500,9500,通常
28,西村 涼,アクア（シルバー）,5月,26,2028/07/27,38000,0,38000,28500,9500,通常
28,西村 涼,アクア（シルバー）,5月,27,2028/08/27,38000,0,38000,28500,9500,通常
28,西村 涼,アクア（シルバー）,5月,28,2028/09/27,38000,0,38000,28500,9500,通常
28,西村 涼,アクア（シルバー）,5月,29,2028/10/27,38000,0,38000,28500,9500,通常
28,西村 涼,アクア（シルバー）,5月,30,2028/11/27,38000,0,38000,28500,9500,通常
28,西村 涼,アクア（シルバー）,5月,31,2028/12/27,38000,0,38000,28500,9500,通常
28,西村 涼,アクア（シルバー）,5月,32,2029/01/27,38000,0,38000,28500,9500,通常
28,西村 涼,アクア（シルバー）,5月,33,2029/02/27,38000,0,38000,28500,9500,通常
28,西村 涼,アクア（シルバー）,5月,34,2029/03/27,38000,0,38000,28500,9500,通常
28,西村 涼,アクア（シルバー）,5月,35,2029/04/27,38000,0,38000,28500,9500,通常
28,西村 涼,アクア（シルバー）,5月,36,2029/05/27,38000,0,38000,28500,9500,通常
28,西村 涼,アクア（シルバー）,5月,37,2029/06/27,38000,0,38000,28500,9500,通常
28,西村 涼,アクア（シルバー）,5月,38,2029/07/27,38000,0,38000,28500,9500,通常
28,西村 涼,アクア（シルバー）,5月,39,2029/08/27,38000,0,38000,28500,9500,通常
28,西村 涼,アクア（シルバー）,5月,40,2029/09/27,38000,0,38000,28500,9500,通常
28,西村 涼,アクア（シルバー）,5月,41,2029/10/27,38000,0,38000,28500,9500,通常
28,西村 涼,アクア（シルバー）,5月,42,2029/11/27,38000,0,38000,28500,9500,通常
28,西村 涼,アクア（シルバー）,5月,43,2029/12/27,38000,0,38000,28500,9500,通常
28,西村 涼,アクア（シルバー）,5月,44,2030/01/27,38000,0,38000,28500,9500,通常
28,西村 涼,アクア（シルバー）,5月,45,2030/02/27,38000,0,38000,28500,9500,通常
28,西村 涼,アクア（シルバー）,5月,46,2030/03/27,38000,0,38000,28500,9500,通常
28,西村 涼,アクア（シルバー）,5月,47,2030/04/27,38000,0,38000,28500,9500,通常
28,西村 涼,アクア（シルバー）,5月,48,2030/05/27,38000,0,38000,28500,9500,通常
29,小田 拓巳,30プリウス G,5月,1,2026/06/27,41506,0,41506,31130,10376,通常
29,小田 拓巳,30プリウス G,5月,2,2026/07/27,41506,0,41506,31130,10376,通常
29,小田 拓巳,30プリウス G,5月,3,2026/08/27,41506,0,41506,31130,10376,通常
29,小田 拓巳,30プリウス G,5月,4,2026/09/27,41506,0,41506,31130,10376,通常
29,小田 拓巳,30プリウス G,5月,5,2026/10/27,41506,0,41506,31130,10376,通常
29,小田 拓巳,30プリウス G,5月,6,2026/11/27,41506,0,41506,31130,10376,通常
29,小田 拓巳,30プリウス G,5月,7,2026/12/27,41506,0,41506,31130,10376,通常
29,小田 拓巳,30プリウス G,5月,8,2027/01/27,41506,0,41506,31130,10376,通常
29,小田 拓巳,30プリウス G,5月,9,2027/02/27,41506,0,41506,31130,10376,通常
29,小田 拓巳,30プリウス G,5月,10,2027/03/27,41506,0,41506,31130,10376,通常
29,小田 拓巳,30プリウス G,5月,11,2027/04/27,41506,0,41506,31130,10376,通常
29,小田 拓巳,30プリウス G,5月,12,2027/05/27,41506,0,41506,31130,10376,通常
29,小田 拓巳,30プリウス G,5月,13,2027/06/27,41506,0,41506,31130,10376,通常
29,小田 拓巳,30プリウス G,5月,14,2027/07/27,41506,0,41506,31130,10376,通常
29,小田 拓巳,30プリウス G,5月,15,2027/08/27,41506,0,41506,31130,10376,通常
29,小田 拓巳,30プリウス G,5月,16,2027/09/27,41506,0,41506,31130,10376,通常
29,小田 拓巳,30プリウス G,5月,17,2027/10/27,41506,0,41506,31130,10376,通常
29,小田 拓巳,30プリウス G,5月,18,2027/11/27,41506,0,41506,31130,10376,通常
29,小田 拓巳,30プリウス G,5月,19,2027/12/27,41506,0,41506,31130,10376,通常
29,小田 拓巳,30プリウス G,5月,20,2028/01/27,41506,0,41506,31130,10376,通常
29,小田 拓巳,30プリウス G,5月,21,2028/02/27,41506,0,41506,31130,10376,通常
29,小田 拓巳,30プリウス G,5月,22,2028/03/27,41506,0,41506,31130,10376,通常
29,小田 拓巳,30プリウス G,5月,23,2028/04/27,41506,0,41506,31130,10376,通常
29,小田 拓巳,30プリウス G,5月,24,2028/05/27,41506,0,41506,31130,10376,通常
29,小田 拓巳,30プリウス G,5月,25,2028/06/27,41506,0,41506,31130,10376,通常
29,小田 拓巳,30プリウス G,5月,26,2028/07/27,41506,0,41506,31130,10376,通常
29,小田 拓巳,30プリウス G,5月,27,2028/08/27,41506,0,41506,31130,10376,通常
29,小田 拓巳,30プリウス G,5月,28,2028/09/27,41506,0,41506,31130,10376,通常
29,小田 拓巳,30プリウス G,5月,29,2028/10/27,41506,0,41506,31130,10376,通常
29,小田 拓巳,30プリウス G,5月,30,2028/11/27,41506,0,41506,31130,10376,通常
29,小田 拓巳,30プリウス G,5月,31,2028/12/27,41506,0,41506,31130,10376,通常
29,小田 拓巳,30プリウス G,5月,32,2029/01/27,41506,0,41506,31130,10376,通常
29,小田 拓巳,30プリウス G,5月,33,2029/02/27,41506,0,41506,31130,10376,通常
29,小田 拓巳,30プリウス G,5月,34,2029/03/27,41506,0,41506,31130,10376,通常
29,小田 拓巳,30プリウス G,5月,35,2029/04/27,41506,0,41506,31130,10376,通常
29,小田 拓巳,30プリウス G,5月,36,2029/05/27,41506,0,41506,31130,10376,通常
29,小田 拓巳,30プリウス G,5月,37,2029/06/27,41506,0,41506,31130,10376,通常
29,小田 拓巳,30プリウス G,5月,38,2029/07/27,41506,0,41506,31130,10376,通常
29,小田 拓巳,30プリウス G,5月,39,2029/08/27,41506,0,41506,31130,10376,通常
29,小田 拓巳,30プリウス G,5月,40,2029/09/27,41506,0,41506,31130,10376,通常
29,小田 拓巳,30プリウス G,5月,41,2029/10/27,41506,0,41506,31130,10376,通常
29,小田 拓巳,30プリウス G,5月,42,2029/11/27,41506,0,41506,31130,10376,通常
29,小田 拓巳,30プリウス G,5月,43,2029/12/27,41506,0,41506,31130,10376,通常
29,小田 拓巳,30プリウス G,5月,44,2030/01/27,41506,0,41506,31130,10376,通常
29,小田 拓巳,30プリウス G,5月,45,2030/02/27,41506,0,41506,31130,10376,通常
29,小田 拓巳,30プリウス G,5月,46,2030/03/27,41506,0,41506,31130,10376,通常
29,小田 拓巳,30プリウス G,5月,47,2030/04/27,41506,0,41506,31130,10376,通常
29,小田 拓巳,30プリウス G,5月,48,2030/05/27,41506,0,41506,31130,10376,通常
30,斎藤 忠昭,プリウス（シルバー）,5月,1,2026/06/27,33278,30000,63278,47458,15820,通常
30,斎藤 忠昭,プリウス（シルバー）,5月,2,2026/07/27,33278,0,33278,24958,8320,通常
30,斎藤 忠昭,プリウス（シルバー）,5月,3,2026/08/27,33278,0,33278,24958,8320,通常
30,斎藤 忠昭,プリウス（シルバー）,5月,4,2026/09/27,33278,0,33278,24958,8320,通常
30,斎藤 忠昭,プリウス（シルバー）,5月,5,2026/10/27,33278,0,33278,24958,8320,通常
30,斎藤 忠昭,プリウス（シルバー）,5月,6,2026/11/27,33278,0,33278,24958,8320,通常
30,斎藤 忠昭,プリウス（シルバー）,5月,7,2026/12/27,33278,30000,63278,47458,15820,通常
30,斎藤 忠昭,プリウス（シルバー）,5月,8,2027/01/27,33278,0,33278,24958,8320,通常
30,斎藤 忠昭,プリウス（シルバー）,5月,9,2027/02/27,33278,0,33278,24958,8320,通常
30,斎藤 忠昭,プリウス（シルバー）,5月,10,2027/03/27,33278,0,33278,24958,8320,通常
30,斎藤 忠昭,プリウス（シルバー）,5月,11,2027/04/27,33278,0,33278,24958,8320,通常
30,斎藤 忠昭,プリウス（シルバー）,5月,12,2027/05/27,33278,0,33278,24958,8320,通常
30,斎藤 忠昭,プリウス（シルバー）,5月,13,2027/06/27,33278,30000,63278,47458,15820,通常
30,斎藤 忠昭,プリウス（シルバー）,5月,14,2027/07/27,33278,0,33278,24958,8320,通常
30,斎藤 忠昭,プリウス（シルバー）,5月,15,2027/08/27,33278,0,33278,24958,8320,通常
30,斎藤 忠昭,プリウス（シルバー）,5月,16,2027/09/27,33278,0,33278,24958,8320,通常
30,斎藤 忠昭,プリウス（シルバー）,5月,17,2027/10/27,33278,0,33278,24958,8320,通常
30,斎藤 忠昭,プリウス（シルバー）,5月,18,2027/11/27,33278,0,33278,24958,8320,通常
30,斎藤 忠昭,プリウス（シルバー）,5月,19,2027/12/27,33278,30000,63278,47458,15820,通常
30,斎藤 忠昭,プリウス（シルバー）,5月,20,2028/01/27,33278,0,33278,24958,8320,通常
30,斎藤 忠昭,プリウス（シルバー）,5月,21,2028/02/27,33278,0,33278,24958,8320,通常
30,斎藤 忠昭,プリウス（シルバー）,5月,22,2028/03/27,33278,0,33278,24958,8320,通常
30,斎藤 忠昭,プリウス（シルバー）,5月,23,2028/04/27,33278,0,33278,24958,8320,通常
30,斎藤 忠昭,プリウス（シルバー）,5月,24,2028/05/27,33278,0,33278,24958,8320,通常
30,斎藤 忠昭,プリウス（シルバー）,5月,25,2028/06/27,33278,30000,63278,47458,15820,通常
30,斎藤 忠昭,プリウス（シルバー）,5月,26,2028/07/27,33278,0,33278,24958,8320,通常
30,斎藤 忠昭,プリウス（シルバー）,5月,27,2028/08/27,33278,0,33278,24958,8320,通常
30,斎藤 忠昭,プリウス（シルバー）,5月,28,2028/09/27,33278,0,33278,24958,8320,通常
30,斎藤 忠昭,プリウス（シルバー）,5月,29,2028/10/27,33278,0,33278,24958,8320,通常
30,斎藤 忠昭,プリウス（シルバー）,5月,30,2028/11/27,33278,0,33278,24958,8320,通常
30,斎藤 忠昭,プリウス（シルバー）,5月,31,2028/12/27,33278,30000,63278,47458,15820,通常
30,斎藤 忠昭,プリウス（シルバー）,5月,32,2029/01/27,33278,0,33278,24958,8320,通常
30,斎藤 忠昭,プリウス（シルバー）,5月,33,2029/02/27,33278,0,33278,24958,8320,通常
30,斎藤 忠昭,プリウス（シルバー）,5月,34,2029/03/27,33278,0,33278,24958,8320,通常
30,斎藤 忠昭,プリウス（シルバー）,5月,35,2029/04/27,33278,0,33278,24958,8320,通常
30,斎藤 忠昭,プリウス（シルバー）,5月,36,2029/05/27,33278,0,33278,24958,8320,通常
30,斎藤 忠昭,プリウス（シルバー）,5月,37,2029/06/27,33278,30000,63278,47458,15820,通常
30,斎藤 忠昭,プリウス（シルバー）,5月,38,2029/07/27,33278,0,33278,24958,8320,通常
30,斎藤 忠昭,プリウス（シルバー）,5月,39,2029/08/27,33278,0,33278,24958,8320,通常
30,斎藤 忠昭,プリウス（シルバー）,5月,40,2029/09/27,33278,0,33278,24958,8320,通常
30,斎藤 忠昭,プリウス（シルバー）,5月,41,2029/10/27,33278,0,33278,24958,8320,通常
30,斎藤 忠昭,プリウス（シルバー）,5月,42,2029/11/27,33278,0,33278,24958,8320,通常
30,斎藤 忠昭,プリウス（シルバー）,5月,43,2029/12/27,33278,30000,63278,47458,15820,通常
30,斎藤 忠昭,プリウス（シルバー）,5月,44,2030/01/27,33278,0,33278,24958,8320,通常
30,斎藤 忠昭,プリウス（シルバー）,5月,45,2030/02/27,33278,0,33278,24958,8320,通常
30,斎藤 忠昭,プリウス（シルバー）,5月,46,2030/03/27,33278,0,33278,24958,8320,通常
30,斎藤 忠昭,プリウス（シルバー）,5月,47,2030/04/27,33278,0,33278,24958,8320,通常
30,斎藤 忠昭,プリウス（シルバー）,5月,48,2030/05/27,33278,0,33278,24958,8320,通常
31,長峰 冬弥,スカイライン,6月,1,2026/06/27,47930,0,47930,35948,11982,通常
31,長峰 冬弥,スカイライン,6月,2,2026/07/27,47930,0,47930,35948,11982,通常
31,長峰 冬弥,スカイライン,6月,3,2026/08/27,47930,8,47938,35954,11984,通常
31,長峰 冬弥,スカイライン,6月,4,2026/09/27,47930,0,47930,35948,11982,通常
31,長峰 冬弥,スカイライン,6月,5,2026/10/27,47930,0,47930,35948,11982,通常
31,長峰 冬弥,スカイライン,6月,6,2026/11/27,47930,0,47930,35948,11982,通常
31,長峰 冬弥,スカイライン,6月,7,2026/12/27,47930,8,47938,35954,11984,通常
31,長峰 冬弥,スカイライン,6月,8,2027/01/27,47930,0,47930,35948,11982,通常
31,長峰 冬弥,スカイライン,6月,9,2027/02/27,47930,0,47930,35948,11982,通常
31,長峰 冬弥,スカイライン,6月,10,2027/03/27,47930,0,47930,35948,11982,通常
31,長峰 冬弥,スカイライン,6月,11,2027/04/27,47930,0,47930,35948,11982,通常
31,長峰 冬弥,スカイライン,6月,12,2027/05/27,47930,0,47930,35948,11982,通常
31,長峰 冬弥,スカイライン,6月,13,2027/06/27,47930,0,47930,35948,11982,通常
31,長峰 冬弥,スカイライン,6月,14,2027/07/27,47930,0,47930,35948,11982,通常
31,長峰 冬弥,スカイライン,6月,15,2027/08/27,47930,8,47938,35954,11984,通常
31,長峰 冬弥,スカイライン,6月,16,2027/09/27,47930,0,47930,35948,11982,通常
31,長峰 冬弥,スカイライン,6月,17,2027/10/27,47930,0,47930,35948,11982,通常
31,長峰 冬弥,スカイライン,6月,18,2027/11/27,47930,0,47930,35948,11982,通常
31,長峰 冬弥,スカイライン,6月,19,2027/12/27,47930,8,47938,35954,11984,通常
31,長峰 冬弥,スカイライン,6月,20,2028/01/27,47930,0,47930,35948,11982,通常
31,長峰 冬弥,スカイライン,6月,21,2028/02/27,47930,0,47930,35948,11982,通常
31,長峰 冬弥,スカイライン,6月,22,2028/03/27,47930,0,47930,35948,11982,通常
31,長峰 冬弥,スカイライン,6月,23,2028/04/27,47930,0,47930,35948,11982,通常
31,長峰 冬弥,スカイライン,6月,24,2028/05/27,47930,0,47930,35948,11982,通常
31,長峰 冬弥,スカイライン,6月,25,2028/06/27,47930,0,47930,35948,11982,通常
31,長峰 冬弥,スカイライン,6月,26,2028/07/27,47930,0,47930,35948,11982,通常
31,長峰 冬弥,スカイライン,6月,27,2028/08/27,47930,8,47938,35954,11984,通常
31,長峰 冬弥,スカイライン,6月,28,2028/09/27,47930,0,47930,35948,11982,通常
31,長峰 冬弥,スカイライン,6月,29,2028/10/27,47930,0,47930,35948,11982,通常
31,長峰 冬弥,スカイライン,6月,30,2028/11/27,47930,0,47930,35948,11982,通常
31,長峰 冬弥,スカイライン,6月,31,2028/12/27,47930,8,47938,35954,11984,通常
31,長峰 冬弥,スカイライン,6月,32,2029/01/27,47930,0,47930,35948,11982,通常
31,長峰 冬弥,スカイライン,6月,33,2029/02/27,47930,0,47930,35948,11982,通常
31,長峰 冬弥,スカイライン,6月,34,2029/03/27,47930,0,47930,35948,11982,通常
31,長峰 冬弥,スカイライン,6月,35,2029/04/27,47930,0,47930,35948,11982,通常
31,長峰 冬弥,スカイライン,6月,36,2029/05/27,47930,0,47930,35948,11982,通常
31,長峰 冬弥,スカイライン,6月,37,2029/06/27,47930,0,47930,35948,11982,通常
31,長峰 冬弥,スカイライン,6月,38,2029/07/27,47930,0,47930,35948,11982,通常
31,長峰 冬弥,スカイライン,6月,39,2029/08/27,47930,8,47938,35954,11984,通常
31,長峰 冬弥,スカイライン,6月,40,2029/09/27,47930,0,47930,35948,11982,通常
31,長峰 冬弥,スカイライン,6月,41,2029/10/27,47930,0,47930,35948,11982,通常
31,長峰 冬弥,スカイライン,6月,42,2029/11/27,47930,0,47930,35948,11982,通常
31,長峰 冬弥,スカイライン,6月,43,2029/12/27,47930,8,47938,35954,11984,通常
31,長峰 冬弥,スカイライン,6月,44,2030/01/27,47930,0,47930,35948,11982,通常
31,長峰 冬弥,スカイライン,6月,45,2030/02/27,47930,0,47930,35948,11982,通常
31,長峰 冬弥,スカイライン,6月,46,2030/03/27,47930,0,47930,35948,11982,通常
31,長峰 冬弥,スカイライン,6月,47,2030/04/27,47930,0,47930,35948,11982,通常
31,長峰 冬弥,スカイライン,6月,48,2030/05/27,47930,0,47930,35948,11982,通常
32,仲山 輝,30プリウス,6月,1,2026/07/27,33756,0,33756,25317,8439,通常
32,仲山 輝,30プリウス,6月,2,2026/08/27,33756,0,33756,25317,8439,通常
32,仲山 輝,30プリウス,6月,3,2026/09/27,33756,0,33756,25317,8439,通常
32,仲山 輝,30プリウス,6月,4,2026/10/27,33756,0,33756,25317,8439,通常
32,仲山 輝,30プリウス,6月,5,2026/11/27,33756,0,33756,25317,8439,通常
32,仲山 輝,30プリウス,6月,6,2026/12/27,33756,0,33756,25317,8439,通常
32,仲山 輝,30プリウス,6月,7,2027/01/27,33756,0,33756,25317,8439,通常
32,仲山 輝,30プリウス,6月,8,2027/02/27,33756,0,33756,25317,8439,通常
32,仲山 輝,30プリウス,6月,9,2027/03/27,33756,0,33756,25317,8439,通常
32,仲山 輝,30プリウス,6月,10,2027/04/27,33756,0,33756,25317,8439,通常
32,仲山 輝,30プリウス,6月,11,2027/05/27,33756,0,33756,25317,8439,通常
32,仲山 輝,30プリウス,6月,12,2027/06/27,33756,0,33756,25317,8439,通常
32,仲山 輝,30プリウス,6月,13,2027/07/27,33756,0,33756,25317,8439,通常
32,仲山 輝,30プリウス,6月,14,2027/08/27,33756,0,33756,25317,8439,通常
32,仲山 輝,30プリウス,6月,15,2027/09/27,33756,0,33756,25317,8439,通常
32,仲山 輝,30プリウス,6月,16,2027/10/27,33756,0,33756,25317,8439,通常
32,仲山 輝,30プリウス,6月,17,2027/11/27,33756,0,33756,25317,8439,通常
32,仲山 輝,30プリウス,6月,18,2027/12/27,33756,0,33756,25317,8439,通常
32,仲山 輝,30プリウス,6月,19,2028/01/27,33756,0,33756,25317,8439,通常
32,仲山 輝,30プリウス,6月,20,2028/02/27,33756,0,33756,25317,8439,通常
32,仲山 輝,30プリウス,6月,21,2028/03/27,33756,0,33756,25317,8439,通常
32,仲山 輝,30プリウス,6月,22,2028/04/27,33756,0,33756,25317,8439,通常
32,仲山 輝,30プリウス,6月,23,2028/05/27,33756,0,33756,25317,8439,通常
32,仲山 輝,30プリウス,6月,24,2028/06/27,33756,0,33756,25317,8439,通常
32,仲山 輝,30プリウス,6月,25,2028/07/27,33756,0,33756,25317,8439,通常
32,仲山 輝,30プリウス,6月,26,2028/08/27,33756,0,33756,25317,8439,通常
32,仲山 輝,30プリウス,6月,27,2028/09/27,33756,0,33756,25317,8439,通常
32,仲山 輝,30プリウス,6月,28,2028/10/27,33756,0,33756,25317,8439,通常
32,仲山 輝,30プリウス,6月,29,2028/11/27,33756,0,33756,25317,8439,通常
32,仲山 輝,30プリウス,6月,30,2028/12/27,33756,0,33756,25317,8439,通常
32,仲山 輝,30プリウス,6月,31,2029/01/27,33756,0,33756,25317,8439,通常
32,仲山 輝,30プリウス,6月,32,2029/02/27,33756,0,33756,25317,8439,通常
32,仲山 輝,30プリウス,6月,33,2029/03/27,33756,0,33756,25317,8439,通常
32,仲山 輝,30プリウス,6月,34,2029/04/27,33756,0,33756,25317,8439,通常
32,仲山 輝,30プリウス,6月,35,2029/05/27,33756,0,33756,25317,8439,通常
32,仲山 輝,30プリウス,6月,36,2029/06/27,33756,0,33756,25317,8439,通常
32,仲山 輝,30プリウス,6月,37,2029/07/27,33756,0,33756,25317,8439,通常
32,仲山 輝,30プリウス,6月,38,2029/08/27,33756,0,33756,25317,8439,通常
32,仲山 輝,30プリウス,6月,39,2029/09/27,33756,0,33756,25317,8439,通常
32,仲山 輝,30プリウス,6月,40,2029/10/27,33756,0,33756,25317,8439,通常
32,仲山 輝,30プリウス,6月,41,2029/11/27,33756,0,33756,25317,8439,通常
32,仲山 輝,30プリウス,6月,42,2029/12/27,33756,0,33756,25317,8439,通常
32,仲山 輝,30プリウス,6月,43,2030/01/27,33756,0,33756,25317,8439,通常
32,仲山 輝,30プリウス,6月,44,2030/02/27,33756,0,33756,25317,8439,通常
32,仲山 輝,30プリウス,6月,45,2030/03/27,33756,0,33756,25317,8439,通常
32,仲山 輝,30プリウス,6月,46,2030/04/27,33756,0,33756,25317,8439,通常
32,仲山 輝,30プリウス,6月,47,2030/05/27,33756,0,33756,25317,8439,通常
32,仲山 輝,30プリウス,6月,48,2030/06/27,33756,0,33756,25317,8439,通常
33,宇佐美 真,マークX,6月,1,2026/07/27,33661,0,33661,25246,8415,通常
33,宇佐美 真,マークX,6月,2,2026/08/27,33661,8,33669,25252,8417,通常
33,宇佐美 真,マークX,6月,3,2026/09/27,33661,0,33661,25246,8415,通常
33,宇佐美 真,マークX,6月,4,2026/10/27,33661,0,33661,25246,8415,通常
33,宇佐美 真,マークX,6月,5,2026/11/27,33661,0,33661,25246,8415,通常
33,宇佐美 真,マークX,6月,6,2026/12/27,33661,8,33669,25252,8417,通常
33,宇佐美 真,マークX,6月,7,2027/01/27,33661,0,33661,25246,8415,通常
33,宇佐美 真,マークX,6月,8,2027/02/27,33661,0,33661,25246,8415,通常
33,宇佐美 真,マークX,6月,9,2027/03/27,33661,0,33661,25246,8415,通常
33,宇佐美 真,マークX,6月,10,2027/04/27,33661,0,33661,25246,8415,通常
33,宇佐美 真,マークX,6月,11,2027/05/27,33661,0,33661,25246,8415,通常
33,宇佐美 真,マークX,6月,12,2027/06/27,33661,0,33661,25246,8415,通常
33,宇佐美 真,マークX,6月,13,2027/07/27,33661,0,33661,25246,8415,通常
33,宇佐美 真,マークX,6月,14,2027/08/27,33661,8,33669,25252,8417,通常
33,宇佐美 真,マークX,6月,15,2027/09/27,33661,0,33661,25246,8415,通常
33,宇佐美 真,マークX,6月,16,2027/10/27,33661,0,33661,25246,8415,通常
33,宇佐美 真,マークX,6月,17,2027/11/27,33661,0,33661,25246,8415,通常
33,宇佐美 真,マークX,6月,18,2027/12/27,33661,8,33669,25252,8417,通常
33,宇佐美 真,マークX,6月,19,2028/01/27,33661,0,33661,25246,8415,通常
33,宇佐美 真,マークX,6月,20,2028/02/27,33661,0,33661,25246,8415,通常
33,宇佐美 真,マークX,6月,21,2028/03/27,33661,0,33661,25246,8415,通常
33,宇佐美 真,マークX,6月,22,2028/04/27,33661,0,33661,25246,8415,通常
33,宇佐美 真,マークX,6月,23,2028/05/27,33661,0,33661,25246,8415,通常
33,宇佐美 真,マークX,6月,24,2028/06/27,33661,0,33661,25246,8415,通常
33,宇佐美 真,マークX,6月,25,2028/07/27,33661,0,33661,25246,8415,通常
33,宇佐美 真,マークX,6月,26,2028/08/27,33661,8,33669,25252,8417,通常
33,宇佐美 真,マークX,6月,27,2028/09/27,33661,0,33661,25246,8415,通常
33,宇佐美 真,マークX,6月,28,2028/10/27,33661,0,33661,25246,8415,通常
33,宇佐美 真,マークX,6月,29,2028/11/27,33661,0,33661,25246,8415,通常
33,宇佐美 真,マークX,6月,30,2028/12/27,33661,8,33669,25252,8417,通常
33,宇佐美 真,マークX,6月,31,2029/01/27,33661,0,33661,25246,8415,通常
33,宇佐美 真,マークX,6月,32,2029/02/27,33661,0,33661,25246,8415,通常
33,宇佐美 真,マークX,6月,33,2029/03/27,33661,0,33661,25246,8415,通常
33,宇佐美 真,マークX,6月,34,2029/04/27,33661,0,33661,25246,8415,通常
33,宇佐美 真,マークX,6月,35,2029/05/27,33661,0,33661,25246,8415,通常
33,宇佐美 真,マークX,6月,36,2029/06/27,33661,0,33661,25246,8415,通常
33,宇佐美 真,マークX,6月,37,2029/07/27,33661,0,33661,25246,8415,通常
33,宇佐美 真,マークX,6月,38,2029/08/27,33661,8,33669,25252,8417,通常
33,宇佐美 真,マークX,6月,39,2029/09/27,33661,0,33661,25246,8415,通常
33,宇佐美 真,マークX,6月,40,2029/10/27,33661,0,33661,25246,8415,通常
33,宇佐美 真,マークX,6月,41,2029/11/27,33661,0,33661,25246,8415,通常
33,宇佐美 真,マークX,6月,42,2029/12/27,33661,8,33669,25252,8417,通常
33,宇佐美 真,マークX,6月,43,2030/01/27,33661,0,33661,25246,8415,通常
33,宇佐美 真,マークX,6月,44,2030/02/27,33661,0,33661,25246,8415,通常
33,宇佐美 真,マークX,6月,45,2030/03/27,33661,0,33661,25246,8415,通常
33,宇佐美 真,マークX,6月,46,2030/04/27,33661,0,33661,25246,8415,通常
33,宇佐美 真,マークX,6月,47,2030/05/27,33661,0,33661,25246,8415,通常
33,宇佐美 真,マークX,6月,48,2030/06/27,33661,0,33661,25246,8415,通常
34,山田 敏弘,NBOXカスタム,6月,1,2026/07/27,44707,0,44707,33530,11177,通常
34,山田 敏弘,NBOXカスタム,6月,2,2026/08/27,44707,0,44707,33530,11177,通常
34,山田 敏弘,NBOXカスタム,6月,3,2026/09/27,44707,0,44707,33530,11177,通常
34,山田 敏弘,NBOXカスタム,6月,4,2026/10/27,44707,0,44707,33530,11177,通常
34,山田 敏弘,NBOXカスタム,6月,5,2026/11/27,44707,0,44707,33530,11177,通常
34,山田 敏弘,NBOXカスタム,6月,6,2026/12/27,44707,0,44707,33530,11177,通常
34,山田 敏弘,NBOXカスタム,6月,7,2027/01/27,44707,0,44707,33530,11177,通常
34,山田 敏弘,NBOXカスタム,6月,8,2027/02/27,44707,0,44707,33530,11177,通常
34,山田 敏弘,NBOXカスタム,6月,9,2027/03/27,44707,0,44707,33530,11177,通常
34,山田 敏弘,NBOXカスタム,6月,10,2027/04/27,44707,0,44707,33530,11177,通常
34,山田 敏弘,NBOXカスタム,6月,11,2027/05/27,44707,0,44707,33530,11177,通常
34,山田 敏弘,NBOXカスタム,6月,12,2027/06/27,44707,0,44707,33530,11177,通常
34,山田 敏弘,NBOXカスタム,6月,13,2027/07/27,44707,0,44707,33530,11177,通常
34,山田 敏弘,NBOXカスタム,6月,14,2027/08/27,44707,0,44707,33530,11177,通常
34,山田 敏弘,NBOXカスタム,6月,15,2027/09/27,44707,0,44707,33530,11177,通常
34,山田 敏弘,NBOXカスタム,6月,16,2027/10/27,44707,0,44707,33530,11177,通常
34,山田 敏弘,NBOXカスタム,6月,17,2027/11/27,44707,0,44707,33530,11177,通常
34,山田 敏弘,NBOXカスタム,6月,18,2027/12/27,44707,0,44707,33530,11177,通常
34,山田 敏弘,NBOXカスタム,6月,19,2028/01/27,44707,0,44707,33530,11177,通常
34,山田 敏弘,NBOXカスタム,6月,20,2028/02/27,44707,0,44707,33530,11177,通常
34,山田 敏弘,NBOXカスタム,6月,21,2028/03/27,44707,0,44707,33530,11177,通常
34,山田 敏弘,NBOXカスタム,6月,22,2028/04/27,44707,0,44707,33530,11177,通常
34,山田 敏弘,NBOXカスタム,6月,23,2028/05/27,44707,0,44707,33530,11177,通常
34,山田 敏弘,NBOXカスタム,6月,24,2028/06/27,44707,0,44707,33530,11177,通常
34,山田 敏弘,NBOXカスタム,6月,25,2028/07/27,44707,0,44707,33530,11177,通常
34,山田 敏弘,NBOXカスタム,6月,26,2028/08/27,44707,0,44707,33530,11177,通常
34,山田 敏弘,NBOXカスタム,6月,27,2028/09/27,44707,0,44707,33530,11177,通常
34,山田 敏弘,NBOXカスタム,6月,28,2028/10/27,44707,0,44707,33530,11177,通常
34,山田 敏弘,NBOXカスタム,6月,29,2028/11/27,44707,0,44707,33530,11177,通常
34,山田 敏弘,NBOXカスタム,6月,30,2028/12/27,44707,0,44707,33530,11177,通常
34,山田 敏弘,NBOXカスタム,6月,31,2029/01/27,44707,0,44707,33530,11177,通常
34,山田 敏弘,NBOXカスタム,6月,32,2029/02/27,44707,0,44707,33530,11177,通常
34,山田 敏弘,NBOXカスタム,6月,33,2029/03/27,44707,0,44707,33530,11177,通常
34,山田 敏弘,NBOXカスタム,6月,34,2029/04/27,44707,0,44707,33530,11177,通常
34,山田 敏弘,NBOXカスタム,6月,35,2029/05/27,44707,0,44707,33530,11177,通常
34,山田 敏弘,NBOXカスタム,6月,36,2029/06/27,44707,0,44707,33530,11177,通常
34,山田 敏弘,NBOXカスタム,6月,37,2029/07/27,44707,0,44707,33530,11177,通常
34,山田 敏弘,NBOXカスタム,6月,38,2029/08/27,44707,0,44707,33530,11177,通常
34,山田 敏弘,NBOXカスタム,6月,39,2029/09/27,44707,0,44707,33530,11177,通常
34,山田 敏弘,NBOXカスタム,6月,40,2029/10/27,44707,0,44707,33530,11177,通常
34,山田 敏弘,NBOXカスタム,6月,41,2029/11/27,44707,0,44707,33530,11177,通常
34,山田 敏弘,NBOXカスタム,6月,42,2029/12/27,44707,0,44707,33530,11177,通常
34,山田 敏弘,NBOXカスタム,6月,43,2030/01/27,44707,0,44707,33530,11177,通常
34,山田 敏弘,NBOXカスタム,6月,44,2030/02/27,44707,0,44707,33530,11177,通常
34,山田 敏弘,NBOXカスタム,6月,45,2030/03/27,44707,0,44707,33530,11177,通常
34,山田 敏弘,NBOXカスタム,6月,46,2030/04/27,44707,0,44707,33530,11177,通常
34,山田 敏弘,NBOXカスタム,6月,47,2030/05/27,44707,0,44707,33530,11177,通常
34,山田 敏弘,NBOXカスタム,6月,48,2030/06/27,44707,0,44707,33530,11177,通常
35,齊藤 廣志,在庫フリード,6月,1,2026/07/27,36000,0,36000,27000,9000,通常
35,齊藤 廣志,在庫フリード,6月,2,2026/08/27,36000,0,36000,27000,9000,通常
35,齊藤 廣志,在庫フリード,6月,3,2026/09/27,36000,0,36000,27000,9000,通常
35,齊藤 廣志,在庫フリード,6月,4,2026/10/27,36000,0,36000,27000,9000,通常
35,齊藤 廣志,在庫フリード,6月,5,2026/11/27,36000,0,36000,27000,9000,通常
35,齊藤 廣志,在庫フリード,6月,6,2026/12/27,36000,0,36000,27000,9000,通常
35,齊藤 廣志,在庫フリード,6月,7,2027/01/27,36000,0,36000,27000,9000,通常
35,齊藤 廣志,在庫フリード,6月,8,2027/02/27,36000,0,36000,27000,9000,通常
35,齊藤 廣志,在庫フリード,6月,9,2027/03/27,36000,0,36000,27000,9000,通常
35,齊藤 廣志,在庫フリード,6月,10,2027/04/27,36000,0,36000,27000,9000,通常
35,齊藤 廣志,在庫フリード,6月,11,2027/05/27,36000,0,36000,27000,9000,通常
35,齊藤 廣志,在庫フリード,6月,12,2027/06/27,36000,0,36000,27000,9000,通常
35,齊藤 廣志,在庫フリード,6月,13,2027/07/27,36000,0,36000,27000,9000,通常
35,齊藤 廣志,在庫フリード,6月,14,2027/08/27,36000,0,36000,27000,9000,通常
35,齊藤 廣志,在庫フリード,6月,15,2027/09/27,36000,0,36000,27000,9000,通常
35,齊藤 廣志,在庫フリード,6月,16,2027/10/27,36000,0,36000,27000,9000,通常
35,齊藤 廣志,在庫フリード,6月,17,2027/11/27,36000,0,36000,27000,9000,通常
35,齊藤 廣志,在庫フリード,6月,18,2027/12/27,36000,0,36000,27000,9000,通常
35,齊藤 廣志,在庫フリード,6月,19,2028/01/27,36000,0,36000,27000,9000,通常
35,齊藤 廣志,在庫フリード,6月,20,2028/02/27,36000,0,36000,27000,9000,通常
35,齊藤 廣志,在庫フリード,6月,21,2028/03/27,36000,0,36000,27000,9000,通常
35,齊藤 廣志,在庫フリード,6月,22,2028/04/27,36000,0,36000,27000,9000,通常
35,齊藤 廣志,在庫フリード,6月,23,2028/05/27,36000,0,36000,27000,9000,通常
35,齊藤 廣志,在庫フリード,6月,24,2028/06/27,36000,0,36000,27000,9000,通常
35,齊藤 廣志,在庫フリード,6月,25,2028/07/27,36000,0,36000,27000,9000,通常
35,齊藤 廣志,在庫フリード,6月,26,2028/08/27,36000,0,36000,27000,9000,通常
35,齊藤 廣志,在庫フリード,6月,27,2028/09/27,36000,0,36000,27000,9000,通常
35,齊藤 廣志,在庫フリード,6月,28,2028/10/27,36000,0,36000,27000,9000,通常
35,齊藤 廣志,在庫フリード,6月,29,2028/11/27,36000,0,36000,27000,9000,通常
35,齊藤 廣志,在庫フリード,6月,30,2028/12/27,36000,0,36000,27000,9000,通常
35,齊藤 廣志,在庫フリード,6月,31,2029/01/27,36000,0,36000,27000,9000,通常
35,齊藤 廣志,在庫フリード,6月,32,2029/02/27,36000,0,36000,27000,9000,通常
35,齊藤 廣志,在庫フリード,6月,33,2029/03/27,36000,0,36000,27000,9000,通常
35,齊藤 廣志,在庫フリード,6月,34,2029/04/27,36000,0,36000,27000,9000,通常
35,齊藤 廣志,在庫フリード,6月,35,2029/05/27,36000,0,36000,27000,9000,通常
35,齊藤 廣志,在庫フリード,6月,36,2029/06/27,36000,0,36000,27000,9000,通常
35,齊藤 廣志,在庫フリード,6月,37,2029/07/27,36000,0,36000,27000,9000,通常
35,齊藤 廣志,在庫フリード,6月,38,2029/08/27,36000,0,36000,27000,9000,通常
35,齊藤 廣志,在庫フリード,6月,39,2029/09/27,36000,0,36000,27000,9000,通常
35,齊藤 廣志,在庫フリード,6月,40,2029/10/27,36000,0,36000,27000,9000,通常
35,齊藤 廣志,在庫フリード,6月,41,2029/11/27,36000,0,36000,27000,9000,通常
35,齊藤 廣志,在庫フリード,6月,42,2029/12/27,36000,0,36000,27000,9000,通常
35,齊藤 廣志,在庫フリード,6月,43,2030/01/27,36000,0,36000,27000,9000,通常
35,齊藤 廣志,在庫フリード,6月,44,2030/02/27,36000,0,36000,27000,9000,通常
35,齊藤 廣志,在庫フリード,6月,45,2030/03/27,36000,0,36000,27000,9000,通常
35,齊藤 廣志,在庫フリード,6月,46,2030/04/27,36000,0,36000,27000,9000,通常
35,齊藤 廣志,在庫フリード,6月,47,2030/05/27,36000,0,36000,27000,9000,通常
35,齊藤 廣志,在庫フリード,6月,48,2030/06/27,36000,0,36000,27000,9000,通常
36,田中 慎一郎,在庫 プリウスα,6月,1,2026/07/27,49554,0,49554,37166,12388,通常
36,田中 慎一郎,在庫 プリウスα,6月,2,2026/08/27,49554,0,49554,37166,12388,通常
36,田中 慎一郎,在庫 プリウスα,6月,3,2026/09/27,49554,0,49554,37166,12388,通常
36,田中 慎一郎,在庫 プリウスα,6月,4,2026/10/27,49554,0,49554,37166,12388,通常
36,田中 慎一郎,在庫 プリウスα,6月,5,2026/11/27,49554,0,49554,37166,12388,通常
36,田中 慎一郎,在庫 プリウスα,6月,6,2026/12/27,49554,0,49554,37166,12388,通常
36,田中 慎一郎,在庫 プリウスα,6月,7,2027/01/27,49554,0,49554,37166,12388,通常
36,田中 慎一郎,在庫 プリウスα,6月,8,2027/02/27,49554,0,49554,37166,12388,通常
36,田中 慎一郎,在庫 プリウスα,6月,9,2027/03/27,49554,0,49554,37166,12388,通常
36,田中 慎一郎,在庫 プリウスα,6月,10,2027/04/27,49554,0,49554,37166,12388,通常
36,田中 慎一郎,在庫 プリウスα,6月,11,2027/05/27,49554,0,49554,37166,12388,通常
36,田中 慎一郎,在庫 プリウスα,6月,12,2027/06/27,49554,0,49554,37166,12388,通常
36,田中 慎一郎,在庫 プリウスα,6月,13,2027/07/27,49554,0,49554,37166,12388,通常
36,田中 慎一郎,在庫 プリウスα,6月,14,2027/08/27,49554,0,49554,37166,12388,通常
36,田中 慎一郎,在庫 プリウスα,6月,15,2027/09/27,49554,0,49554,37166,12388,通常
36,田中 慎一郎,在庫 プリウスα,6月,16,2027/10/27,49554,0,49554,37166,12388,通常
36,田中 慎一郎,在庫 プリウスα,6月,17,2027/11/27,49554,0,49554,37166,12388,通常
36,田中 慎一郎,在庫 プリウスα,6月,18,2027/12/27,49554,0,49554,37166,12388,通常
36,田中 慎一郎,在庫 プリウスα,6月,19,2028/01/27,49554,0,49554,37166,12388,通常
36,田中 慎一郎,在庫 プリウスα,6月,20,2028/02/27,49554,0,49554,37166,12388,通常
36,田中 慎一郎,在庫 プリウスα,6月,21,2028/03/27,49554,0,49554,37166,12388,通常
36,田中 慎一郎,在庫 プリウスα,6月,22,2028/04/27,49554,0,49554,37166,12388,通常
36,田中 慎一郎,在庫 プリウスα,6月,23,2028/05/27,49554,0,49554,37166,12388,通常
36,田中 慎一郎,在庫 プリウスα,6月,24,2028/06/27,49554,0,49554,37166,12388,通常
36,田中 慎一郎,在庫 プリウスα,6月,25,2028/07/27,49554,0,49554,37166,12388,通常
36,田中 慎一郎,在庫 プリウスα,6月,26,2028/08/27,49554,0,49554,37166,12388,通常
36,田中 慎一郎,在庫 プリウスα,6月,27,2028/09/27,49554,0,49554,37166,12388,通常
36,田中 慎一郎,在庫 プリウスα,6月,28,2028/10/27,49554,0,49554,37166,12388,通常
36,田中 慎一郎,在庫 プリウスα,6月,29,2028/11/27,49554,0,49554,37166,12388,通常
36,田中 慎一郎,在庫 プリウスα,6月,30,2028/12/27,49554,0,49554,37166,12388,通常
36,田中 慎一郎,在庫 プリウスα,6月,31,2029/01/27,49554,0,49554,37166,12388,通常
36,田中 慎一郎,在庫 プリウスα,6月,32,2029/02/27,49554,0,49554,37166,12388,通常
36,田中 慎一郎,在庫 プリウスα,6月,33,2029/03/27,49554,0,49554,37166,12388,通常
36,田中 慎一郎,在庫 プリウスα,6月,34,2029/04/27,49554,0,49554,37166,12388,通常
36,田中 慎一郎,在庫 プリウスα,6月,35,2029/05/27,49554,0,49554,37166,12388,通常
36,田中 慎一郎,在庫 プリウスα,6月,36,2029/06/27,49554,0,49554,37166,12388,通常
36,田中 慎一郎,在庫 プリウスα,6月,37,2029/07/27,49554,0,49554,37166,12388,通常
36,田中 慎一郎,在庫 プリウスα,6月,38,2029/08/27,49554,0,49554,37166,12388,通常
36,田中 慎一郎,在庫 プリウスα,6月,39,2029/09/27,49554,0,49554,37166,12388,通常
36,田中 慎一郎,在庫 プリウスα,6月,40,2029/10/27,49554,0,49554,37166,12388,通常
36,田中 慎一郎,在庫 プリウスα,6月,41,2029/11/27,49554,0,49554,37166,12388,通常
36,田中 慎一郎,在庫 プリウスα,6月,42,2029/12/27,49554,0,49554,37166,12388,通常
36,田中 慎一郎,在庫 プリウスα,6月,43,2030/01/27,49554,0,49554,37166,12388,通常
36,田中 慎一郎,在庫 プリウスα,6月,44,2030/02/27,49554,0,49554,37166,12388,通常
36,田中 慎一郎,在庫 プリウスα,6月,45,2030/03/27,49554,0,49554,37166,12388,通常
36,田中 慎一郎,在庫 プリウスα,6月,46,2030/04/27,49554,0,49554,37166,12388,通常
36,田中 慎一郎,在庫 プリウスα,6月,47,2030/05/27,49554,0,49554,37166,12388,通常
36,田中 慎一郎,在庫 プリウスα,6月,48,2030/06/27,49554,0,49554,37166,12388,通常
37,植木 優,ハスラー,6月,1,2026/07/27,36928,0,36928,27696,9232,通常
37,植木 優,ハスラー,6月,2,2026/08/27,36928,0,36928,27696,9232,通常
37,植木 優,ハスラー,6月,3,2026/09/27,36928,0,36928,27696,9232,通常
37,植木 優,ハスラー,6月,4,2026/10/27,36928,0,36928,27696,9232,通常
37,植木 優,ハスラー,6月,5,2026/11/27,36928,0,36928,27696,9232,通常
37,植木 優,ハスラー,6月,6,2026/12/27,36928,0,36928,27696,9232,通常
37,植木 優,ハスラー,6月,7,2027/01/27,36928,0,36928,27696,9232,通常
37,植木 優,ハスラー,6月,8,2027/02/27,36928,0,36928,27696,9232,通常
37,植木 優,ハスラー,6月,9,2027/03/27,36928,0,36928,27696,9232,通常
37,植木 優,ハスラー,6月,10,2027/04/27,36928,0,36928,27696,9232,通常
37,植木 優,ハスラー,6月,11,2027/05/27,36928,0,36928,27696,9232,通常
37,植木 優,ハスラー,6月,12,2027/06/27,36928,0,36928,27696,9232,通常
37,植木 優,ハスラー,6月,13,2027/07/27,36928,0,36928,27696,9232,通常
37,植木 優,ハスラー,6月,14,2027/08/27,36928,0,36928,27696,9232,通常
37,植木 優,ハスラー,6月,15,2027/09/27,36928,0,36928,27696,9232,通常
37,植木 優,ハスラー,6月,16,2027/10/27,36928,0,36928,27696,9232,通常
37,植木 優,ハスラー,6月,17,2027/11/27,36928,0,36928,27696,9232,通常
37,植木 優,ハスラー,6月,18,2027/12/27,36928,0,36928,27696,9232,通常
37,植木 優,ハスラー,6月,19,2028/01/27,36928,0,36928,27696,9232,通常
37,植木 優,ハスラー,6月,20,2028/02/27,36928,0,36928,27696,9232,通常
37,植木 優,ハスラー,6月,21,2028/03/27,36928,0,36928,27696,9232,通常
37,植木 優,ハスラー,6月,22,2028/04/27,36928,0,36928,27696,9232,通常
37,植木 優,ハスラー,6月,23,2028/05/27,36928,0,36928,27696,9232,通常
37,植木 優,ハスラー,6月,24,2028/06/27,36928,0,36928,27696,9232,通常
37,植木 優,ハスラー,6月,25,2028/07/27,36928,0,36928,27696,9232,通常
37,植木 優,ハスラー,6月,26,2028/08/27,36928,0,36928,27696,9232,通常
37,植木 優,ハスラー,6月,27,2028/09/27,36928,0,36928,27696,9232,通常
37,植木 優,ハスラー,6月,28,2028/10/27,36928,0,36928,27696,9232,通常
37,植木 優,ハスラー,6月,29,2028/11/27,36928,0,36928,27696,9232,通常
37,植木 優,ハスラー,6月,30,2028/12/27,36928,0,36928,27696,9232,通常
37,植木 優,ハスラー,6月,31,2029/01/27,36928,0,36928,27696,9232,通常
37,植木 優,ハスラー,6月,32,2029/02/27,36928,0,36928,27696,9232,通常
37,植木 優,ハスラー,6月,33,2029/03/27,36928,0,36928,27696,9232,通常
37,植木 優,ハスラー,6月,34,2029/04/27,36928,0,36928,27696,9232,通常
37,植木 優,ハスラー,6月,35,2029/05/27,36928,0,36928,27696,9232,通常
37,植木 優,ハスラー,6月,36,2029/06/27,36928,0,36928,27696,9232,通常
37,植木 優,ハスラー,6月,37,2029/07/27,36928,0,36928,27696,9232,通常
37,植木 優,ハスラー,6月,38,2029/08/27,36928,0,36928,27696,9232,通常
37,植木 優,ハスラー,6月,39,2029/09/27,36928,0,36928,27696,9232,通常
37,植木 優,ハスラー,6月,40,2029/10/27,36928,0,36928,27696,9232,通常
37,植木 優,ハスラー,6月,41,2029/11/27,36928,0,36928,27696,9232,通常
37,植木 優,ハスラー,6月,42,2029/12/27,36928,0,36928,27696,9232,通常
37,植木 優,ハスラー,6月,43,2030/01/27,36928,0,36928,27696,9232,通常
37,植木 優,ハスラー,6月,44,2030/02/27,36928,0,36928,27696,9232,通常
37,植木 優,ハスラー,6月,45,2030/03/27,36928,0,36928,27696,9232,通常
37,植木 優,ハスラー,6月,46,2030/04/27,36928,0,36928,27696,9232,通常
37,植木 優,ハスラー,6月,47,2030/05/27,36928,0,36928,27696,9232,通常
37,植木 優,ハスラー,6月,48,2030/06/27,36928,0,36928,27696,9232,通常
38,村山 颯,ワゴンR,6月,1,2026/07/27,39229,0,39229,29422,9807,通常
38,村山 颯,ワゴンR,6月,2,2026/08/27,39229,0,39229,29422,9807,通常
38,村山 颯,ワゴンR,6月,3,2026/09/27,39229,0,39229,29422,9807,通常
38,村山 颯,ワゴンR,6月,4,2026/10/27,39229,0,39229,29422,9807,通常
38,村山 颯,ワゴンR,6月,5,2026/11/27,39229,0,39229,29422,9807,通常
38,村山 颯,ワゴンR,6月,6,2026/12/27,39229,0,39229,29422,9807,通常
38,村山 颯,ワゴンR,6月,7,2027/01/27,39229,0,39229,29422,9807,通常
38,村山 颯,ワゴンR,6月,8,2027/02/27,39229,0,39229,29422,9807,通常
38,村山 颯,ワゴンR,6月,9,2027/03/27,39229,0,39229,29422,9807,通常
38,村山 颯,ワゴンR,6月,10,2027/04/27,39229,0,39229,29422,9807,通常
38,村山 颯,ワゴンR,6月,11,2027/05/27,39229,0,39229,29422,9807,通常
38,村山 颯,ワゴンR,6月,12,2027/06/27,39229,0,39229,29422,9807,通常
38,村山 颯,ワゴンR,6月,13,2027/07/27,39229,0,39229,29422,9807,通常
38,村山 颯,ワゴンR,6月,14,2027/08/27,39229,0,39229,29422,9807,通常
38,村山 颯,ワゴンR,6月,15,2027/09/27,39229,0,39229,29422,9807,通常
38,村山 颯,ワゴンR,6月,16,2027/10/27,39229,0,39229,29422,9807,通常
38,村山 颯,ワゴンR,6月,17,2027/11/27,39229,0,39229,29422,9807,通常
38,村山 颯,ワゴンR,6月,18,2027/12/27,39229,0,39229,29422,9807,通常
38,村山 颯,ワゴンR,6月,19,2028/01/27,39229,0,39229,29422,9807,通常
38,村山 颯,ワゴンR,6月,20,2028/02/27,39229,0,39229,29422,9807,通常
38,村山 颯,ワゴンR,6月,21,2028/03/27,39229,0,39229,29422,9807,通常
38,村山 颯,ワゴンR,6月,22,2028/04/27,39229,0,39229,29422,9807,通常
38,村山 颯,ワゴンR,6月,23,2028/05/27,39229,0,39229,29422,9807,通常
38,村山 颯,ワゴンR,6月,24,2028/06/27,39229,0,39229,29422,9807,通常
38,村山 颯,ワゴンR,6月,25,2028/07/27,39229,0,39229,29422,9807,通常
38,村山 颯,ワゴンR,6月,26,2028/08/27,39229,0,39229,29422,9807,通常
38,村山 颯,ワゴンR,6月,27,2028/09/27,39229,0,39229,29422,9807,通常
38,村山 颯,ワゴンR,6月,28,2028/10/27,39229,0,39229,29422,9807,通常
38,村山 颯,ワゴンR,6月,29,2028/11/27,39229,0,39229,29422,9807,通常
38,村山 颯,ワゴンR,6月,30,2028/12/27,39229,0,39229,29422,9807,通常
38,村山 颯,ワゴンR,6月,31,2029/01/27,39229,0,39229,29422,9807,通常
38,村山 颯,ワゴンR,6月,32,2029/02/27,39229,0,39229,29422,9807,通常
38,村山 颯,ワゴンR,6月,33,2029/03/27,39229,0,39229,29422,9807,通常
38,村山 颯,ワゴンR,6月,34,2029/04/27,39229,0,39229,29422,9807,通常
38,村山 颯,ワゴンR,6月,35,2029/05/27,39229,0,39229,29422,9807,通常
38,村山 颯,ワゴンR,6月,36,2029/06/27,39229,0,39229,29422,9807,通常
38,村山 颯,ワゴンR,6月,37,2029/07/27,39229,0,39229,29422,9807,通常
38,村山 颯,ワゴンR,6月,38,2029/08/27,39229,0,39229,29422,9807,通常
38,村山 颯,ワゴンR,6月,39,2029/09/27,39229,0,39229,29422,9807,通常
38,村山 颯,ワゴンR,6月,40,2029/10/27,39229,0,39229,29422,9807,通常
38,村山 颯,ワゴンR,6月,41,2029/11/27,39229,0,39229,29422,9807,通常
38,村山 颯,ワゴンR,6月,42,2029/12/27,39229,0,39229,29422,9807,通常
38,村山 颯,ワゴンR,6月,43,2030/01/27,39229,0,39229,29422,9807,通常
38,村山 颯,ワゴンR,6月,44,2030/02/27,39229,0,39229,29422,9807,通常
38,村山 颯,ワゴンR,6月,45,2030/03/27,39229,0,39229,29422,9807,通常
38,村山 颯,ワゴンR,6月,46,2030/04/27,39229,0,39229,29422,9807,通常
38,村山 颯,ワゴンR,6月,47,2030/05/27,39229,0,39229,29422,9807,通常
38,村山 颯,ワゴンR,6月,48,2030/06/27,39229,0,39229,29422,9807,通常
39,田中 尚実,ホンダ ヴェゼル,7月,1,2026/07/27,32534,0,32534,24400,8134,通常
39,田中 尚実,ホンダ ヴェゼル,7月,2,2026/08/27,32534,0,32534,24400,8134,通常
39,田中 尚実,ホンダ ヴェゼル,7月,3,2026/09/27,32534,0,32534,24400,8134,通常
39,田中 尚実,ホンダ ヴェゼル,7月,4,2026/10/27,32534,0,32534,24400,8134,通常
39,田中 尚実,ホンダ ヴェゼル,7月,5,2026/11/27,32534,5,32539,24404,8135,通常
39,田中 尚実,ホンダ ヴェゼル,7月,6,2026/12/27,32534,0,32534,24400,8134,通常
39,田中 尚実,ホンダ ヴェゼル,7月,7,2027/01/27,32534,0,32534,24400,8134,通常
39,田中 尚実,ホンダ ヴェゼル,7月,8,2027/02/27,32534,0,32534,24400,8134,通常
39,田中 尚実,ホンダ ヴェゼル,7月,9,2027/03/27,32534,0,32534,24400,8134,通常
39,田中 尚実,ホンダ ヴェゼル,7月,10,2027/04/27,32534,0,32534,24400,8134,通常
39,田中 尚実,ホンダ ヴェゼル,7月,11,2027/05/27,32534,5,32539,24404,8135,通常
39,田中 尚実,ホンダ ヴェゼル,7月,12,2027/06/27,32534,0,32534,24400,8134,通常
39,田中 尚実,ホンダ ヴェゼル,7月,13,2027/07/27,32534,0,32534,24400,8134,通常
39,田中 尚実,ホンダ ヴェゼル,7月,14,2027/08/27,32534,0,32534,24400,8134,通常
39,田中 尚実,ホンダ ヴェゼル,7月,15,2027/09/27,32534,0,32534,24400,8134,通常
39,田中 尚実,ホンダ ヴェゼル,7月,16,2027/10/27,32534,0,32534,24400,8134,通常
39,田中 尚実,ホンダ ヴェゼル,7月,17,2027/11/27,32534,5,32539,24404,8135,通常
39,田中 尚実,ホンダ ヴェゼル,7月,18,2027/12/27,32534,0,32534,24400,8134,通常
39,田中 尚実,ホンダ ヴェゼル,7月,19,2028/01/27,32534,0,32534,24400,8134,通常
39,田中 尚実,ホンダ ヴェゼル,7月,20,2028/02/27,32534,0,32534,24400,8134,通常
39,田中 尚実,ホンダ ヴェゼル,7月,21,2028/03/27,32534,0,32534,24400,8134,通常
39,田中 尚実,ホンダ ヴェゼル,7月,22,2028/04/27,32534,0,32534,24400,8134,通常
39,田中 尚実,ホンダ ヴェゼル,7月,23,2028/05/27,32534,5,32539,24404,8135,通常
39,田中 尚実,ホンダ ヴェゼル,7月,24,2028/06/27,32534,0,32534,24400,8134,通常
39,田中 尚実,ホンダ ヴェゼル,7月,25,2028/07/27,32534,0,32534,24400,8134,通常
39,田中 尚実,ホンダ ヴェゼル,7月,26,2028/08/27,32534,0,32534,24400,8134,通常
39,田中 尚実,ホンダ ヴェゼル,7月,27,2028/09/27,32534,0,32534,24400,8134,通常
39,田中 尚実,ホンダ ヴェゼル,7月,28,2028/10/27,32534,0,32534,24400,8134,通常
39,田中 尚実,ホンダ ヴェゼル,7月,29,2028/11/27,32534,5,32539,24404,8135,通常
39,田中 尚実,ホンダ ヴェゼル,7月,30,2028/12/27,32534,0,32534,24400,8134,通常
39,田中 尚実,ホンダ ヴェゼル,7月,31,2029/01/27,32534,0,32534,24400,8134,通常
39,田中 尚実,ホンダ ヴェゼル,7月,32,2029/02/27,32534,0,32534,24400,8134,通常
39,田中 尚実,ホンダ ヴェゼル,7月,33,2029/03/27,32534,0,32534,24400,8134,通常
39,田中 尚実,ホンダ ヴェゼル,7月,34,2029/04/27,32534,0,32534,24400,8134,通常
39,田中 尚実,ホンダ ヴェゼル,7月,35,2029/05/27,32534,5,32539,24404,8135,通常
39,田中 尚実,ホンダ ヴェゼル,7月,36,2029/06/27,32534,0,32534,24400,8134,通常
39,田中 尚実,ホンダ ヴェゼル,7月,37,2029/07/27,32534,0,32534,24400,8134,通常
39,田中 尚実,ホンダ ヴェゼル,7月,38,2029/08/27,32534,0,32534,24400,8134,通常
39,田中 尚実,ホンダ ヴェゼル,7月,39,2029/09/27,32534,0,32534,24400,8134,通常
39,田中 尚実,ホンダ ヴェゼル,7月,40,2029/10/27,32534,0,32534,24400,8134,通常
39,田中 尚実,ホンダ ヴェゼル,7月,41,2029/11/27,32534,5,32539,24404,8135,通常
39,田中 尚実,ホンダ ヴェゼル,7月,42,2029/12/27,32534,0,32534,24400,8134,通常
39,田中 尚実,ホンダ ヴェゼル,7月,43,2030/01/27,32534,0,32534,24400,8134,通常
39,田中 尚実,ホンダ ヴェゼル,7月,44,2030/02/27,32534,0,32534,24400,8134,通常
39,田中 尚実,ホンダ ヴェゼル,7月,45,2030/03/27,32534,0,32534,24400,8134,通常
39,田中 尚実,ホンダ ヴェゼル,7月,46,2030/04/27,32534,0,32534,24400,8134,通常
39,田中 尚実,ホンダ ヴェゼル,7月,47,2030/05/27,32534,5,32539,24404,8135,通常
39,田中 尚実,ホンダ ヴェゼル,7月,48,2030/06/27,32534,0,32534,24400,8134,通常
40,泉 国明,20ヴェルファイア,7月,1,2026/07/27,54500,0,54500,40875,13625,通常
40,泉 国明,20ヴェルファイア,7月,2,2026/08/27,54500,0,54500,40875,13625,通常
40,泉 国明,20ヴェルファイア,7月,3,2026/09/27,54500,0,54500,40875,13625,通常
40,泉 国明,20ヴェルファイア,7月,4,2026/10/27,54500,0,54500,40875,13625,通常
40,泉 国明,20ヴェルファイア,7月,5,2026/11/27,54500,0,54500,40875,13625,通常
40,泉 国明,20ヴェルファイア,7月,6,2026/12/27,54500,0,54500,40875,13625,通常
40,泉 国明,20ヴェルファイア,7月,7,2027/01/27,54500,0,54500,40875,13625,通常
40,泉 国明,20ヴェルファイア,7月,8,2027/02/27,54500,0,54500,40875,13625,通常
40,泉 国明,20ヴェルファイア,7月,9,2027/03/27,54500,0,54500,40875,13625,通常
40,泉 国明,20ヴェルファイア,7月,10,2027/04/27,54500,0,54500,40875,13625,通常
40,泉 国明,20ヴェルファイア,7月,11,2027/05/27,54500,0,54500,40875,13625,通常
40,泉 国明,20ヴェルファイア,7月,12,2027/06/27,54500,0,54500,40875,13625,通常
40,泉 国明,20ヴェルファイア,7月,13,2027/07/27,54500,0,54500,40875,13625,通常
40,泉 国明,20ヴェルファイア,7月,14,2027/08/27,54500,0,54500,40875,13625,通常
40,泉 国明,20ヴェルファイア,7月,15,2027/09/27,54500,0,54500,40875,13625,通常
40,泉 国明,20ヴェルファイア,7月,16,2027/10/27,54500,0,54500,40875,13625,通常
40,泉 国明,20ヴェルファイア,7月,17,2027/11/27,54500,0,54500,40875,13625,通常
40,泉 国明,20ヴェルファイア,7月,18,2027/12/27,54500,0,54500,40875,13625,通常
40,泉 国明,20ヴェルファイア,7月,19,2028/01/27,54500,0,54500,40875,13625,通常
40,泉 国明,20ヴェルファイア,7月,20,2028/02/27,54500,0,54500,40875,13625,通常
40,泉 国明,20ヴェルファイア,7月,21,2028/03/27,54500,0,54500,40875,13625,通常
40,泉 国明,20ヴェルファイア,7月,22,2028/04/27,54500,0,54500,40875,13625,通常
40,泉 国明,20ヴェルファイア,7月,23,2028/05/27,54500,0,54500,40875,13625,通常
40,泉 国明,20ヴェルファイア,7月,24,2028/06/27,54500,0,54500,40875,13625,通常
40,泉 国明,20ヴェルファイア,7月,25,2028/07/27,54500,0,54500,40875,13625,通常
40,泉 国明,20ヴェルファイア,7月,26,2028/08/27,54500,0,54500,40875,13625,通常
40,泉 国明,20ヴェルファイア,7月,27,2028/09/27,54500,0,54500,40875,13625,通常
40,泉 国明,20ヴェルファイア,7月,28,2028/10/27,54500,0,54500,40875,13625,通常
40,泉 国明,20ヴェルファイア,7月,29,2028/11/27,54500,0,54500,40875,13625,通常
40,泉 国明,20ヴェルファイア,7月,30,2028/12/27,54500,0,54500,40875,13625,通常
40,泉 国明,20ヴェルファイア,7月,31,2029/01/27,54500,0,54500,40875,13625,通常
40,泉 国明,20ヴェルファイア,7月,32,2029/02/27,54500,0,54500,40875,13625,通常
40,泉 国明,20ヴェルファイア,7月,33,2029/03/27,54500,0,54500,40875,13625,通常
40,泉 国明,20ヴェルファイア,7月,34,2029/04/27,54500,0,54500,40875,13625,通常
40,泉 国明,20ヴェルファイア,7月,35,2029/05/27,54500,0,54500,40875,13625,通常
40,泉 国明,20ヴェルファイア,7月,36,2029/06/27,54500,0,54500,40875,13625,通常
40,泉 国明,20ヴェルファイア,7月,37,2029/07/27,54500,0,54500,40875,13625,通常
40,泉 国明,20ヴェルファイア,7月,38,2029/08/27,54500,0,54500,40875,13625,通常
40,泉 国明,20ヴェルファイア,7月,39,2029/09/27,54500,0,54500,40875,13625,通常
40,泉 国明,20ヴェルファイア,7月,40,2029/10/27,54500,0,54500,40875,13625,通常
40,泉 国明,20ヴェルファイア,7月,41,2029/11/27,54500,0,54500,40875,13625,通常
40,泉 国明,20ヴェルファイア,7月,42,2029/12/27,54500,0,54500,40875,13625,通常
40,泉 国明,20ヴェルファイア,7月,43,2030/01/27,54500,0,54500,40875,13625,通常
40,泉 国明,20ヴェルファイア,7月,44,2030/02/27,54500,0,54500,40875,13625,通常
40,泉 国明,20ヴェルファイア,7月,45,2030/03/27,54500,0,54500,40875,13625,通常
40,泉 国明,20ヴェルファイア,7月,46,2030/04/27,54500,0,54500,40875,13625,通常
40,泉 国明,20ヴェルファイア,7月,47,2030/05/27,54500,0,54500,40875,13625,通常
40,泉 国明,20ヴェルファイア,7月,48,2030/06/27,54500,0,54500,40875,13625,通常
41,三好 茉友楓,ヴェゼル ハイブリッド,7月,1,2026/07/27,61000,0,61000,45750,15250,通常
41,三好 茉友楓,ヴェゼル ハイブリッド,7月,2,2026/08/27,61000,0,61000,45750,15250,通常
41,三好 茉友楓,ヴェゼル ハイブリッド,7月,3,2026/09/27,61000,0,61000,45750,15250,通常
41,三好 茉友楓,ヴェゼル ハイブリッド,7月,4,2026/10/27,61000,0,61000,45750,15250,通常
41,三好 茉友楓,ヴェゼル ハイブリッド,7月,5,2026/11/27,61000,0,61000,45750,15250,通常
41,三好 茉友楓,ヴェゼル ハイブリッド,7月,6,2026/12/27,61000,0,61000,45750,15250,通常
41,三好 茉友楓,ヴェゼル ハイブリッド,7月,7,2027/01/27,61000,0,61000,45750,15250,通常
41,三好 茉友楓,ヴェゼル ハイブリッド,7月,8,2027/02/27,61000,0,61000,45750,15250,通常
41,三好 茉友楓,ヴェゼル ハイブリッド,7月,9,2027/03/27,61000,0,61000,45750,15250,通常
41,三好 茉友楓,ヴェゼル ハイブリッド,7月,10,2027/04/27,61000,0,61000,45750,15250,通常
41,三好 茉友楓,ヴェゼル ハイブリッド,7月,11,2027/05/27,61000,0,61000,45750,15250,通常
41,三好 茉友楓,ヴェゼル ハイブリッド,7月,12,2027/06/27,61000,0,61000,45750,15250,通常
41,三好 茉友楓,ヴェゼル ハイブリッド,7月,13,2027/07/27,61000,0,61000,45750,15250,通常
41,三好 茉友楓,ヴェゼル ハイブリッド,7月,14,2027/08/27,61000,0,61000,45750,15250,通常
41,三好 茉友楓,ヴェゼル ハイブリッド,7月,15,2027/09/27,61000,0,61000,45750,15250,通常
41,三好 茉友楓,ヴェゼル ハイブリッド,7月,16,2027/10/27,61000,0,61000,45750,15250,通常
41,三好 茉友楓,ヴェゼル ハイブリッド,7月,17,2027/11/27,61000,0,61000,45750,15250,通常
41,三好 茉友楓,ヴェゼル ハイブリッド,7月,18,2027/12/27,61000,0,61000,45750,15250,通常
41,三好 茉友楓,ヴェゼル ハイブリッド,7月,19,2028/01/27,61000,0,61000,45750,15250,通常
41,三好 茉友楓,ヴェゼル ハイブリッド,7月,20,2028/02/27,61000,0,61000,45750,15250,通常
41,三好 茉友楓,ヴェゼル ハイブリッド,7月,21,2028/03/27,61000,0,61000,45750,15250,通常
41,三好 茉友楓,ヴェゼル ハイブリッド,7月,22,2028/04/27,61000,0,61000,45750,15250,通常
41,三好 茉友楓,ヴェゼル ハイブリッド,7月,23,2028/05/27,61000,0,61000,45750,15250,通常
41,三好 茉友楓,ヴェゼル ハイブリッド,7月,24,2028/06/27,61000,0,61000,45750,15250,通常
41,三好 茉友楓,ヴェゼル ハイブリッド,7月,25,2028/07/27,61000,0,61000,45750,15250,通常
41,三好 茉友楓,ヴェゼル ハイブリッド,7月,26,2028/08/27,61000,0,61000,45750,15250,通常
41,三好 茉友楓,ヴェゼル ハイブリッド,7月,27,2028/09/27,61000,0,61000,45750,15250,通常
41,三好 茉友楓,ヴェゼル ハイブリッド,7月,28,2028/10/27,61000,0,61000,45750,15250,通常
41,三好 茉友楓,ヴェゼル ハイブリッド,7月,29,2028/11/27,61000,0,61000,45750,15250,通常
41,三好 茉友楓,ヴェゼル ハイブリッド,7月,30,2028/12/27,61000,0,61000,45750,15250,通常
41,三好 茉友楓,ヴェゼル ハイブリッド,7月,31,2029/01/27,61000,0,61000,45750,15250,通常
41,三好 茉友楓,ヴェゼル ハイブリッド,7月,32,2029/02/27,61000,0,61000,45750,15250,通常
41,三好 茉友楓,ヴェゼル ハイブリッド,7月,33,2029/03/27,61000,0,61000,45750,15250,通常
41,三好 茉友楓,ヴェゼル ハイブリッド,7月,34,2029/04/27,61000,0,61000,45750,15250,通常
41,三好 茉友楓,ヴェゼル ハイブリッド,7月,35,2029/05/27,61000,0,61000,45750,15250,通常
41,三好 茉友楓,ヴェゼル ハイブリッド,7月,36,2029/06/27,61000,0,61000,45750,15250,通常
41,三好 茉友楓,ヴェゼル ハイブリッド,7月,37,2029/07/27,61000,0,61000,45750,15250,通常
41,三好 茉友楓,ヴェゼル ハイブリッド,7月,38,2029/08/27,61000,0,61000,45750,15250,通常
41,三好 茉友楓,ヴェゼル ハイブリッド,7月,39,2029/09/27,61000,0,61000,45750,15250,通常
41,三好 茉友楓,ヴェゼル ハイブリッド,7月,40,2029/10/27,61000,0,61000,45750,15250,通常
41,三好 茉友楓,ヴェゼル ハイブリッド,7月,41,2029/11/27,61000,0,61000,45750,15250,通常
41,三好 茉友楓,ヴェゼル ハイブリッド,7月,42,2029/12/27,61000,0,61000,45750,15250,通常
41,三好 茉友楓,ヴェゼル ハイブリッド,7月,43,2030/01/27,61000,0,61000,45750,15250,通常
41,三好 茉友楓,ヴェゼル ハイブリッド,7月,44,2030/02/27,61000,0,61000,45750,15250,通常
41,三好 茉友楓,ヴェゼル ハイブリッド,7月,45,2030/03/27,61000,0,61000,45750,15250,通常
41,三好 茉友楓,ヴェゼル ハイブリッド,7月,46,2030/04/27,61000,0,61000,45750,15250,通常
41,三好 茉友楓,ヴェゼル ハイブリッド,7月,47,2030/05/27,61000,0,61000,45750,15250,通常
41,三好 茉友楓,ヴェゼル ハイブリッド,7月,48,2030/06/27,61000,0,61000,45750,15250,通常
42,中西 悠大,SAI,7月,1,2026/07/27,50500,0,50500,37875,12625,通常
42,中西 悠大,SAI,7月,2,2026/08/27,50500,0,50500,37875,12625,通常
42,中西 悠大,SAI,7月,3,2026/09/27,50500,0,50500,37875,12625,通常
42,中西 悠大,SAI,7月,4,2026/10/27,50500,0,50500,37875,12625,通常
42,中西 悠大,SAI,7月,5,2026/11/27,50500,0,50500,37875,12625,通常
42,中西 悠大,SAI,7月,6,2026/12/27,50500,0,50500,37875,12625,通常
42,中西 悠大,SAI,7月,7,2027/01/27,50500,0,50500,37875,12625,通常
42,中西 悠大,SAI,7月,8,2027/02/27,50500,0,50500,37875,12625,通常
42,中西 悠大,SAI,7月,9,2027/03/27,50500,0,50500,37875,12625,通常
42,中西 悠大,SAI,7月,10,2027/04/27,50500,0,50500,37875,12625,通常
42,中西 悠大,SAI,7月,11,2027/05/27,50500,0,50500,37875,12625,通常
42,中西 悠大,SAI,7月,12,2027/06/27,50500,0,50500,37875,12625,通常
42,中西 悠大,SAI,7月,13,2027/07/27,50500,0,50500,37875,12625,通常
42,中西 悠大,SAI,7月,14,2027/08/27,50500,0,50500,37875,12625,通常
42,中西 悠大,SAI,7月,15,2027/09/27,50500,0,50500,37875,12625,通常
42,中西 悠大,SAI,7月,16,2027/10/27,50500,0,50500,37875,12625,通常
42,中西 悠大,SAI,7月,17,2027/11/27,50500,0,50500,37875,12625,通常
42,中西 悠大,SAI,7月,18,2027/12/27,50500,0,50500,37875,12625,通常
42,中西 悠大,SAI,7月,19,2028/01/27,50500,0,50500,37875,12625,通常
42,中西 悠大,SAI,7月,20,2028/02/27,50500,0,50500,37875,12625,通常
42,中西 悠大,SAI,7月,21,2028/03/27,50500,0,50500,37875,12625,通常
42,中西 悠大,SAI,7月,22,2028/04/27,50500,0,50500,37875,12625,通常
42,中西 悠大,SAI,7月,23,2028/05/27,50500,0,50500,37875,12625,通常
42,中西 悠大,SAI,7月,24,2028/06/27,50500,0,50500,37875,12625,通常
42,中西 悠大,SAI,7月,25,2028/07/27,50500,0,50500,37875,12625,通常
42,中西 悠大,SAI,7月,26,2028/08/27,50500,0,50500,37875,12625,通常
42,中西 悠大,SAI,7月,27,2028/09/27,50500,0,50500,37875,12625,通常
42,中西 悠大,SAI,7月,28,2028/10/27,50500,0,50500,37875,12625,通常
42,中西 悠大,SAI,7月,29,2028/11/27,50500,0,50500,37875,12625,通常
42,中西 悠大,SAI,7月,30,2028/12/27,50500,0,50500,37875,12625,通常
42,中西 悠大,SAI,7月,31,2029/01/27,50500,0,50500,37875,12625,通常
42,中西 悠大,SAI,7月,32,2029/02/27,50500,0,50500,37875,12625,通常
42,中西 悠大,SAI,7月,33,2029/03/27,50500,0,50500,37875,12625,通常
42,中西 悠大,SAI,7月,34,2029/04/27,50500,0,50500,37875,12625,通常
42,中西 悠大,SAI,7月,35,2029/05/27,50500,0,50500,37875,12625,通常
42,中西 悠大,SAI,7月,36,2029/06/27,50500,0,50500,37875,12625,通常
42,中西 悠大,SAI,7月,37,2029/07/27,50500,0,50500,37875,12625,通常
42,中西 悠大,SAI,7月,38,2029/08/27,50500,0,50500,37875,12625,通常
42,中西 悠大,SAI,7月,39,2029/09/27,50500,0,50500,37875,12625,通常
42,中西 悠大,SAI,7月,40,2029/10/27,50500,0,50500,37875,12625,通常
42,中西 悠大,SAI,7月,41,2029/11/27,50500,0,50500,37875,12625,通常
42,中西 悠大,SAI,7月,42,2029/12/27,50500,0,50500,37875,12625,通常
42,中西 悠大,SAI,7月,43,2030/01/27,50500,0,50500,37875,12625,通常
42,中西 悠大,SAI,7月,44,2030/02/27,50500,0,50500,37875,12625,通常
42,中西 悠大,SAI,7月,45,2030/03/27,50500,0,50500,37875,12625,通常
42,中西 悠大,SAI,7月,46,2030/04/27,50500,0,50500,37875,12625,通常
42,中西 悠大,SAI,7月,47,2030/05/27,50500,0,50500,37875,12625,通常
42,中西 悠大,SAI,7月,48,2030/06/27,50500,0,50500,37875,12625,通常
43,高木 日向,200クラウン,7月,1,2026/07/27,51541,0,51541,38656,12885,通常
43,高木 日向,200クラウン,7月,2,2026/08/27,51541,0,51541,38656,12885,通常
43,高木 日向,200クラウン,7月,3,2026/09/27,51541,0,51541,38656,12885,通常
43,高木 日向,200クラウン,7月,4,2026/10/27,51541,0,51541,38656,12885,通常
43,高木 日向,200クラウン,7月,5,2026/11/27,51541,0,51541,38656,12885,通常
43,高木 日向,200クラウン,7月,6,2026/12/27,51541,0,51541,38656,12885,通常
43,高木 日向,200クラウン,7月,7,2027/01/27,51541,0,51541,38656,12885,通常
43,高木 日向,200クラウン,7月,8,2027/02/27,51541,0,51541,38656,12885,通常
43,高木 日向,200クラウン,7月,9,2027/03/27,51541,0,51541,38656,12885,通常
43,高木 日向,200クラウン,7月,10,2027/04/27,51541,0,51541,38656,12885,通常
43,高木 日向,200クラウン,7月,11,2027/05/27,51541,0,51541,38656,12885,通常
43,高木 日向,200クラウン,7月,12,2027/06/27,51541,0,51541,38656,12885,通常
43,高木 日向,200クラウン,7月,13,2027/07/27,51541,0,51541,38656,12885,通常
43,高木 日向,200クラウン,7月,14,2027/08/27,51541,0,51541,38656,12885,通常
43,高木 日向,200クラウン,7月,15,2027/09/27,51541,0,51541,38656,12885,通常
43,高木 日向,200クラウン,7月,16,2027/10/27,51541,0,51541,38656,12885,通常
43,高木 日向,200クラウン,7月,17,2027/11/27,51541,0,51541,38656,12885,通常
43,高木 日向,200クラウン,7月,18,2027/12/27,51541,0,51541,38656,12885,通常
43,高木 日向,200クラウン,7月,19,2028/01/27,51541,0,51541,38656,12885,通常
43,高木 日向,200クラウン,7月,20,2028/02/27,51541,0,51541,38656,12885,通常
43,高木 日向,200クラウン,7月,21,2028/03/27,51541,0,51541,38656,12885,通常
43,高木 日向,200クラウン,7月,22,2028/04/27,51541,0,51541,38656,12885,通常
43,高木 日向,200クラウン,7月,23,2028/05/27,51541,0,51541,38656,12885,通常
43,高木 日向,200クラウン,7月,24,2028/06/27,51541,0,51541,38656,12885,通常
43,高木 日向,200クラウン,7月,25,2028/07/27,51541,0,51541,38656,12885,通常
43,高木 日向,200クラウン,7月,26,2028/08/27,51541,0,51541,38656,12885,通常
43,高木 日向,200クラウン,7月,27,2028/09/27,51541,0,51541,38656,12885,通常
43,高木 日向,200クラウン,7月,28,2028/10/27,51541,0,51541,38656,12885,通常
43,高木 日向,200クラウン,7月,29,2028/11/27,51541,0,51541,38656,12885,通常
43,高木 日向,200クラウン,7月,30,2028/12/27,51541,0,51541,38656,12885,通常
43,高木 日向,200クラウン,7月,31,2029/01/27,51541,0,51541,38656,12885,通常
43,高木 日向,200クラウン,7月,32,2029/02/27,51541,0,51541,38656,12885,通常
43,高木 日向,200クラウン,7月,33,2029/03/27,51541,0,51541,38656,12885,通常
43,高木 日向,200クラウン,7月,34,2029/04/27,51541,0,51541,38656,12885,通常
43,高木 日向,200クラウン,7月,35,2029/05/27,51541,0,51541,38656,12885,通常
43,高木 日向,200クラウン,7月,36,2029/06/27,51541,0,51541,38656,12885,通常
43,高木 日向,200クラウン,7月,37,2029/07/27,51541,0,51541,38656,12885,通常
43,高木 日向,200クラウン,7月,38,2029/08/27,51541,0,51541,38656,12885,通常
43,高木 日向,200クラウン,7月,39,2029/09/27,51541,0,51541,38656,12885,通常
43,高木 日向,200クラウン,7月,40,2029/10/27,51541,0,51541,38656,12885,通常
43,高木 日向,200クラウン,7月,41,2029/11/27,51541,0,51541,38656,12885,通常
43,高木 日向,200クラウン,7月,42,2029/12/27,51541,0,51541,38656,12885,通常
43,高木 日向,200クラウン,7月,43,2030/01/27,51541,0,51541,38656,12885,通常
43,高木 日向,200クラウン,7月,44,2030/02/27,51541,0,51541,38656,12885,通常
43,高木 日向,200クラウン,7月,45,2030/03/27,51541,0,51541,38656,12885,通常
43,高木 日向,200クラウン,7月,46,2030/04/27,51541,0,51541,38656,12885,通常
43,高木 日向,200クラウン,7月,47,2030/05/27,51541,0,51541,38656,12885,通常
43,高木 日向,200クラウン,7月,48,2030/06/27,51541,0,51541,38656,12885,通常
44,白川 夏生也,70ヴォクシー,7月,1,2026/07/27,40115,0,40115,30086,10029,通常
44,白川 夏生也,70ヴォクシー,7月,2,2026/08/27,40115,0,40115,30086,10029,通常
44,白川 夏生也,70ヴォクシー,7月,3,2026/09/27,40115,0,40115,30086,10029,通常
44,白川 夏生也,70ヴォクシー,7月,4,2026/10/27,40115,0,40115,30086,10029,通常
44,白川 夏生也,70ヴォクシー,7月,5,2026/11/27,40115,0,40115,30086,10029,通常
44,白川 夏生也,70ヴォクシー,7月,6,2026/12/27,40115,0,40115,30086,10029,通常
44,白川 夏生也,70ヴォクシー,7月,7,2027/01/27,40115,0,40115,30086,10029,通常
44,白川 夏生也,70ヴォクシー,7月,8,2027/02/27,40115,0,40115,30086,10029,通常
44,白川 夏生也,70ヴォクシー,7月,9,2027/03/27,40115,0,40115,30086,10029,通常
44,白川 夏生也,70ヴォクシー,7月,10,2027/04/27,40115,0,40115,30086,10029,通常
44,白川 夏生也,70ヴォクシー,7月,11,2027/05/27,40115,0,40115,30086,10029,通常
44,白川 夏生也,70ヴォクシー,7月,12,2027/06/27,40115,0,40115,30086,10029,通常
44,白川 夏生也,70ヴォクシー,7月,13,2027/07/27,40115,0,40115,30086,10029,通常
44,白川 夏生也,70ヴォクシー,7月,14,2027/08/27,40115,0,40115,30086,10029,通常
44,白川 夏生也,70ヴォクシー,7月,15,2027/09/27,40115,0,40115,30086,10029,通常
44,白川 夏生也,70ヴォクシー,7月,16,2027/10/27,40115,0,40115,30086,10029,通常
44,白川 夏生也,70ヴォクシー,7月,17,2027/11/27,40115,0,40115,30086,10029,通常
44,白川 夏生也,70ヴォクシー,7月,18,2027/12/27,40115,0,40115,30086,10029,通常
44,白川 夏生也,70ヴォクシー,7月,19,2028/01/27,40115,0,40115,30086,10029,通常
44,白川 夏生也,70ヴォクシー,7月,20,2028/02/27,40115,0,40115,30086,10029,通常
44,白川 夏生也,70ヴォクシー,7月,21,2028/03/27,40115,0,40115,30086,10029,通常
44,白川 夏生也,70ヴォクシー,7月,22,2028/04/27,40115,0,40115,30086,10029,通常
44,白川 夏生也,70ヴォクシー,7月,23,2028/05/27,40115,0,40115,30086,10029,通常
44,白川 夏生也,70ヴォクシー,7月,24,2028/06/27,40115,0,40115,30086,10029,通常
44,白川 夏生也,70ヴォクシー,7月,25,2028/07/27,40115,0,40115,30086,10029,通常
44,白川 夏生也,70ヴォクシー,7月,26,2028/08/27,40115,0,40115,30086,10029,通常
44,白川 夏生也,70ヴォクシー,7月,27,2028/09/27,40115,0,40115,30086,10029,通常
44,白川 夏生也,70ヴォクシー,7月,28,2028/10/27,40115,0,40115,30086,10029,通常
44,白川 夏生也,70ヴォクシー,7月,29,2028/11/27,40115,0,40115,30086,10029,通常
44,白川 夏生也,70ヴォクシー,7月,30,2028/12/27,40115,0,40115,30086,10029,通常
44,白川 夏生也,70ヴォクシー,7月,31,2029/01/27,40115,0,40115,30086,10029,通常
44,白川 夏生也,70ヴォクシー,7月,32,2029/02/27,40115,0,40115,30086,10029,通常
44,白川 夏生也,70ヴォクシー,7月,33,2029/03/27,40115,0,40115,30086,10029,通常
44,白川 夏生也,70ヴォクシー,7月,34,2029/04/27,40115,0,40115,30086,10029,通常
44,白川 夏生也,70ヴォクシー,7月,35,2029/05/27,40115,0,40115,30086,10029,通常
44,白川 夏生也,70ヴォクシー,7月,36,2029/06/27,40115,0,40115,30086,10029,通常
44,白川 夏生也,70ヴォクシー,7月,37,2029/07/27,40115,0,40115,30086,10029,通常
44,白川 夏生也,70ヴォクシー,7月,38,2029/08/27,40115,0,40115,30086,10029,通常
44,白川 夏生也,70ヴォクシー,7月,39,2029/09/27,40115,0,40115,30086,10029,通常
44,白川 夏生也,70ヴォクシー,7月,40,2029/10/27,40115,0,40115,30086,10029,通常
44,白川 夏生也,70ヴォクシー,7月,41,2029/11/27,40115,0,40115,30086,10029,通常
44,白川 夏生也,70ヴォクシー,7月,42,2029/12/27,40115,0,40115,30086,10029,通常
44,白川 夏生也,70ヴォクシー,7月,43,2030/01/27,40115,0,40115,30086,10029,通常
44,白川 夏生也,70ヴォクシー,7月,44,2030/02/27,40115,0,40115,30086,10029,通常
44,白川 夏生也,70ヴォクシー,7月,45,2030/03/27,40115,0,40115,30086,10029,通常
44,白川 夏生也,70ヴォクシー,7月,46,2030/04/27,40115,0,40115,30086,10029,通常
44,白川 夏生也,70ヴォクシー,7月,47,2030/05/27,40115,0,40115,30086,10029,通常
44,白川 夏生也,70ヴォクシー,7月,48,2030/06/27,40115,0,40115,30086,10029,通常
45,西脇 優也,30プリウス,7月,1,2026/08/27,38736,0,38736,29052,9684,通常
45,西脇 優也,30プリウス,7月,2,2026/09/27,38736,0,38736,29052,9684,通常
45,西脇 優也,30プリウス,7月,3,2026/10/27,38736,0,38736,29052,9684,通常
45,西脇 優也,30プリウス,7月,4,2026/11/27,38736,0,38736,29052,9684,通常
45,西脇 優也,30プリウス,7月,5,2026/12/27,38736,0,38736,29052,9684,通常
45,西脇 優也,30プリウス,7月,6,2027/01/27,38736,0,38736,29052,9684,通常
45,西脇 優也,30プリウス,7月,7,2027/02/27,38736,0,38736,29052,9684,通常
45,西脇 優也,30プリウス,7月,8,2027/03/27,38736,0,38736,29052,9684,通常
45,西脇 優也,30プリウス,7月,9,2027/04/27,38736,0,38736,29052,9684,通常
45,西脇 優也,30プリウス,7月,10,2027/05/27,38736,0,38736,29052,9684,通常
45,西脇 優也,30プリウス,7月,11,2027/06/27,38736,0,38736,29052,9684,通常
45,西脇 優也,30プリウス,7月,12,2027/07/27,38736,0,38736,29052,9684,通常
45,西脇 優也,30プリウス,7月,13,2027/08/27,38736,0,38736,29052,9684,通常
45,西脇 優也,30プリウス,7月,14,2027/09/27,38736,0,38736,29052,9684,通常
45,西脇 優也,30プリウス,7月,15,2027/10/27,38736,0,38736,29052,9684,通常
45,西脇 優也,30プリウス,7月,16,2027/11/27,38736,0,38736,29052,9684,通常
45,西脇 優也,30プリウス,7月,17,2027/12/27,38736,0,38736,29052,9684,通常
45,西脇 優也,30プリウス,7月,18,2028/01/27,38736,0,38736,29052,9684,通常
45,西脇 優也,30プリウス,7月,19,2028/02/27,38736,0,38736,29052,9684,通常
45,西脇 優也,30プリウス,7月,20,2028/03/27,38736,0,38736,29052,9684,通常
45,西脇 優也,30プリウス,7月,21,2028/04/27,38736,0,38736,29052,9684,通常
45,西脇 優也,30プリウス,7月,22,2028/05/27,38736,0,38736,29052,9684,通常
45,西脇 優也,30プリウス,7月,23,2028/06/27,38736,0,38736,29052,9684,通常
45,西脇 優也,30プリウス,7月,24,2028/07/27,38736,0,38736,29052,9684,通常
45,西脇 優也,30プリウス,7月,25,2028/08/27,38736,0,38736,29052,9684,通常
45,西脇 優也,30プリウス,7月,26,2028/09/27,38736,0,38736,29052,9684,通常
45,西脇 優也,30プリウス,7月,27,2028/10/27,38736,0,38736,29052,9684,通常
45,西脇 優也,30プリウス,7月,28,2028/11/27,38736,0,38736,29052,9684,通常
45,西脇 優也,30プリウス,7月,29,2028/12/27,38736,0,38736,29052,9684,通常
45,西脇 優也,30プリウス,7月,30,2029/01/27,38736,0,38736,29052,9684,通常
45,西脇 優也,30プリウス,7月,31,2029/02/27,38736,0,38736,29052,9684,通常
45,西脇 優也,30プリウス,7月,32,2029/03/27,38736,0,38736,29052,9684,通常
45,西脇 優也,30プリウス,7月,33,2029/04/27,38736,0,38736,29052,9684,通常
45,西脇 優也,30プリウス,7月,34,2029/05/27,38736,0,38736,29052,9684,通常
45,西脇 優也,30プリウス,7月,35,2029/06/27,38736,0,38736,29052,9684,通常
45,西脇 優也,30プリウス,7月,36,2029/07/27,38736,0,38736,29052,9684,通常
45,西脇 優也,30プリウス,7月,37,2029/08/27,38736,0,38736,29052,9684,通常
45,西脇 優也,30プリウス,7月,38,2029/09/27,38736,0,38736,29052,9684,通常
45,西脇 優也,30プリウス,7月,39,2029/10/27,38736,0,38736,29052,9684,通常
45,西脇 優也,30プリウス,7月,40,2029/11/27,38736,0,38736,29052,9684,通常
45,西脇 優也,30プリウス,7月,41,2029/12/27,38736,0,38736,29052,9684,通常
45,西脇 優也,30プリウス,7月,42,2030/01/27,38736,0,38736,29052,9684,通常
45,西脇 優也,30プリウス,7月,43,2030/02/27,38736,0,38736,29052,9684,通常
45,西脇 優也,30プリウス,7月,44,2030/03/27,38736,0,38736,29052,9684,通常
45,西脇 優也,30プリウス,7月,45,2030/04/27,38736,0,38736,29052,9684,通常
45,西脇 優也,30プリウス,7月,46,2030/05/27,38736,0,38736,29052,9684,通常
45,西脇 優也,30プリウス,7月,47,2030/06/27,38736,0,38736,29052,9684,通常
45,西脇 優也,30プリウス,7月,48,2030/07/27,38736,0,38736,29052,9684,通常
46,岡村 友梨香,シエンタ,7月,1,2026/08/27,77061,0,77061,57796,19265,通常
46,岡村 友梨香,シエンタ,7月,2,2026/09/27,77061,9,77070,57802,19268,通常
46,岡村 友梨香,シエンタ,7月,3,2026/10/27,77061,0,77061,57796,19265,通常
46,岡村 友梨香,シエンタ,7月,4,2026/11/27,77061,0,77061,57796,19265,通常
46,岡村 友梨香,シエンタ,7月,5,2026/12/27,77061,9,77070,57802,19268,通常
46,岡村 友梨香,シエンタ,7月,6,2027/01/27,77061,0,77061,57796,19265,通常
46,岡村 友梨香,シエンタ,7月,7,2027/02/27,77061,0,77061,57796,19265,通常
46,岡村 友梨香,シエンタ,7月,8,2027/03/27,77061,0,77061,57796,19265,通常
46,岡村 友梨香,シエンタ,7月,9,2027/04/27,77061,0,77061,57796,19265,通常
46,岡村 友梨香,シエンタ,7月,10,2027/05/27,77061,0,77061,57796,19265,通常
46,岡村 友梨香,シエンタ,7月,11,2027/06/27,77061,0,77061,57796,19265,通常
46,岡村 友梨香,シエンタ,7月,12,2027/07/27,77061,0,77061,57796,19265,通常
46,岡村 友梨香,シエンタ,7月,13,2027/08/27,77061,0,77061,57796,19265,通常
46,岡村 友梨香,シエンタ,7月,14,2027/09/27,77061,9,77070,57802,19268,通常
46,岡村 友梨香,シエンタ,7月,15,2027/10/27,77061,0,77061,57796,19265,通常
46,岡村 友梨香,シエンタ,7月,16,2027/11/27,77061,0,77061,57796,19265,通常
46,岡村 友梨香,シエンタ,7月,17,2027/12/27,77061,9,77070,57802,19268,通常
46,岡村 友梨香,シエンタ,7月,18,2028/01/27,77061,0,77061,57796,19265,通常
46,岡村 友梨香,シエンタ,7月,19,2028/02/27,77061,0,77061,57796,19265,通常
46,岡村 友梨香,シエンタ,7月,20,2028/03/27,77061,0,77061,57796,19265,通常
46,岡村 友梨香,シエンタ,7月,21,2028/04/27,77061,0,77061,57796,19265,通常
46,岡村 友梨香,シエンタ,7月,22,2028/05/27,77061,0,77061,57796,19265,通常
46,岡村 友梨香,シエンタ,7月,23,2028/06/27,77061,0,77061,57796,19265,通常
46,岡村 友梨香,シエンタ,7月,24,2028/07/27,77061,0,77061,57796,19265,通常
46,岡村 友梨香,シエンタ,7月,25,2028/08/27,77061,0,77061,57796,19265,通常
46,岡村 友梨香,シエンタ,7月,26,2028/09/27,77061,9,77070,57802,19268,通常
46,岡村 友梨香,シエンタ,7月,27,2028/10/27,77061,0,77061,57796,19265,通常
46,岡村 友梨香,シエンタ,7月,28,2028/11/27,77061,0,77061,57796,19265,通常
46,岡村 友梨香,シエンタ,7月,29,2028/12/27,77061,9,77070,57802,19268,通常
46,岡村 友梨香,シエンタ,7月,30,2029/01/27,77061,0,77061,57796,19265,通常
46,岡村 友梨香,シエンタ,7月,31,2029/02/27,77061,0,77061,57796,19265,通常
46,岡村 友梨香,シエンタ,7月,32,2029/03/27,77061,0,77061,57796,19265,通常
46,岡村 友梨香,シエンタ,7月,33,2029/04/27,77061,0,77061,57796,19265,通常
46,岡村 友梨香,シエンタ,7月,34,2029/05/27,77061,0,77061,57796,19265,通常
46,岡村 友梨香,シエンタ,7月,35,2029/06/27,77061,0,77061,57796,19265,通常
46,岡村 友梨香,シエンタ,7月,36,2029/07/27,77061,0,77061,57796,19265,通常
46,岡村 友梨香,シエンタ,7月,37,2029/08/27,77061,0,77061,57796,19265,通常
46,岡村 友梨香,シエンタ,7月,38,2029/09/27,77061,9,77070,57802,19268,通常
46,岡村 友梨香,シエンタ,7月,39,2029/10/27,77061,0,77061,57796,19265,通常
46,岡村 友梨香,シエンタ,7月,40,2029/11/27,77061,0,77061,57796,19265,通常
46,岡村 友梨香,シエンタ,7月,41,2029/12/27,77061,9,77070,57802,19268,通常
46,岡村 友梨香,シエンタ,7月,42,2030/01/27,77061,0,77061,57796,19265,通常
46,岡村 友梨香,シエンタ,7月,43,2030/02/27,77061,0,77061,57796,19265,通常
46,岡村 友梨香,シエンタ,7月,44,2030/03/27,77061,0,77061,57796,19265,通常
46,岡村 友梨香,シエンタ,7月,45,2030/04/27,77061,0,77061,57796,19265,通常
46,岡村 友梨香,シエンタ,7月,46,2030/05/27,77061,0,77061,57796,19265,通常
46,岡村 友梨香,シエンタ,7月,47,2030/06/27,77061,0,77061,57796,19265,通常
46,岡村 友梨香,シエンタ,7月,48,2030/07/27,77061,0,77061,57796,19265,通常
47,納見 真紀,ミラココア,7月,1,2026/08/27,27150,0,27150,20362,6788,通常
47,納見 真紀,ミラココア,7月,2,2026/09/27,27150,0,27150,20362,6788,通常
47,納見 真紀,ミラココア,7月,3,2026/10/27,27150,0,27150,20362,6788,通常
47,納見 真紀,ミラココア,7月,4,2026/11/27,27150,0,27150,20362,6788,通常
47,納見 真紀,ミラココア,7月,5,2026/12/27,27150,0,27150,20362,6788,通常
47,納見 真紀,ミラココア,7月,6,2027/01/27,27150,0,27150,20362,6788,通常
47,納見 真紀,ミラココア,7月,7,2027/02/27,27150,0,27150,20362,6788,通常
47,納見 真紀,ミラココア,7月,8,2027/03/27,27150,0,27150,20362,6788,通常
47,納見 真紀,ミラココア,7月,9,2027/04/27,27150,0,27150,20362,6788,通常
47,納見 真紀,ミラココア,7月,10,2027/05/27,27150,0,27150,20362,6788,通常
47,納見 真紀,ミラココア,7月,11,2027/06/27,27150,0,27150,20362,6788,通常
47,納見 真紀,ミラココア,7月,12,2027/07/27,27150,0,27150,20362,6788,通常
47,納見 真紀,ミラココア,7月,13,2027/08/27,27150,0,27150,20362,6788,通常
47,納見 真紀,ミラココア,7月,14,2027/09/27,27150,0,27150,20362,6788,通常
47,納見 真紀,ミラココア,7月,15,2027/10/27,27150,0,27150,20362,6788,通常
47,納見 真紀,ミラココア,7月,16,2027/11/27,27150,0,27150,20362,6788,通常
47,納見 真紀,ミラココア,7月,17,2027/12/27,27150,0,27150,20362,6788,通常
47,納見 真紀,ミラココア,7月,18,2028/01/27,27150,0,27150,20362,6788,通常
47,納見 真紀,ミラココア,7月,19,2028/02/27,27150,0,27150,20362,6788,通常
47,納見 真紀,ミラココア,7月,20,2028/03/27,27150,0,27150,20362,6788,通常
47,納見 真紀,ミラココア,7月,21,2028/04/27,27150,0,27150,20362,6788,通常
47,納見 真紀,ミラココア,7月,22,2028/05/27,27150,0,27150,20362,6788,通常
47,納見 真紀,ミラココア,7月,23,2028/06/27,27150,0,27150,20362,6788,通常
47,納見 真紀,ミラココア,7月,24,2028/07/27,27150,0,27150,20362,6788,通常
47,納見 真紀,ミラココア,7月,25,2028/08/27,27150,0,27150,20362,6788,通常
47,納見 真紀,ミラココア,7月,26,2028/09/27,27150,0,27150,20362,6788,通常
47,納見 真紀,ミラココア,7月,27,2028/10/27,27150,0,27150,20362,6788,通常
47,納見 真紀,ミラココア,7月,28,2028/11/27,27150,0,27150,20362,6788,通常
47,納見 真紀,ミラココア,7月,29,2028/12/27,27150,0,27150,20362,6788,通常
47,納見 真紀,ミラココア,7月,30,2029/01/27,27150,0,27150,20362,6788,通常
47,納見 真紀,ミラココア,7月,31,2029/02/27,27150,0,27150,20362,6788,通常
47,納見 真紀,ミラココア,7月,32,2029/03/27,27150,0,27150,20362,6788,通常
47,納見 真紀,ミラココア,7月,33,2029/04/27,27150,0,27150,20362,6788,通常
47,納見 真紀,ミラココア,7月,34,2029/05/27,27150,0,27150,20362,6788,通常
47,納見 真紀,ミラココア,7月,35,2029/06/27,27150,0,27150,20362,6788,通常
47,納見 真紀,ミラココア,7月,36,2029/07/27,27150,0,27150,20362,6788,通常
47,納見 真紀,ミラココア,7月,37,2029/08/27,27150,0,27150,20362,6788,通常
47,納見 真紀,ミラココア,7月,38,2029/09/27,27150,0,27150,20362,6788,通常
47,納見 真紀,ミラココア,7月,39,2029/10/27,27150,0,27150,20362,6788,通常
47,納見 真紀,ミラココア,7月,40,2029/11/27,27150,0,27150,20362,6788,通常
47,納見 真紀,ミラココア,7月,41,2029/12/27,27150,0,27150,20362,6788,通常
47,納見 真紀,ミラココア,7月,42,2030/01/27,27150,0,27150,20362,6788,通常
47,納見 真紀,ミラココア,7月,43,2030/02/27,27150,0,27150,20362,6788,通常
47,納見 真紀,ミラココア,7月,44,2030/03/27,27150,0,27150,20362,6788,通常
47,納見 真紀,ミラココア,7月,45,2030/04/27,27150,0,27150,20362,6788,通常
47,納見 真紀,ミラココア,7月,46,2030/05/27,27150,0,27150,20362,6788,通常
47,納見 真紀,ミラココア,7月,47,2030/06/27,27150,0,27150,20362,6788,通常
47,納見 真紀,ミラココア,7月,48,2030/07/27,27150,0,27150,20362,6788,通常
48,山内 晟也,CX5,7月,1,2026/08/27,43094,0,43094,32320,10774,通常
48,山内 晟也,CX5,7月,2,2026/09/27,43094,0,43094,32320,10774,通常
48,山内 晟也,CX5,7月,3,2026/10/27,43094,0,43094,32320,10774,通常
48,山内 晟也,CX5,7月,4,2026/11/27,43094,0,43094,32320,10774,通常
48,山内 晟也,CX5,7月,5,2026/12/27,43094,0,43094,32320,10774,通常
48,山内 晟也,CX5,7月,6,2027/01/27,43094,0,43094,32320,10774,通常
48,山内 晟也,CX5,7月,7,2027/02/27,43094,0,43094,32320,10774,通常
48,山内 晟也,CX5,7月,8,2027/03/27,43094,0,43094,32320,10774,通常
48,山内 晟也,CX5,7月,9,2027/04/27,43094,0,43094,32320,10774,通常
48,山内 晟也,CX5,7月,10,2027/05/27,43094,0,43094,32320,10774,通常
48,山内 晟也,CX5,7月,11,2027/06/27,43094,0,43094,32320,10774,通常
48,山内 晟也,CX5,7月,12,2027/07/27,43094,0,43094,32320,10774,通常
48,山内 晟也,CX5,7月,13,2027/08/27,43094,0,43094,32320,10774,通常
48,山内 晟也,CX5,7月,14,2027/09/27,43094,0,43094,32320,10774,通常
48,山内 晟也,CX5,7月,15,2027/10/27,43094,0,43094,32320,10774,通常
48,山内 晟也,CX5,7月,16,2027/11/27,43094,0,43094,32320,10774,通常
48,山内 晟也,CX5,7月,17,2027/12/27,43094,0,43094,32320,10774,通常
48,山内 晟也,CX5,7月,18,2028/01/27,43094,0,43094,32320,10774,通常
48,山内 晟也,CX5,7月,19,2028/02/27,43094,0,43094,32320,10774,通常
48,山内 晟也,CX5,7月,20,2028/03/27,43094,0,43094,32320,10774,通常
48,山内 晟也,CX5,7月,21,2028/04/27,43094,0,43094,32320,10774,通常
48,山内 晟也,CX5,7月,22,2028/05/27,43094,0,43094,32320,10774,通常
48,山内 晟也,CX5,7月,23,2028/06/27,43094,0,43094,32320,10774,通常
48,山内 晟也,CX5,7月,24,2028/07/27,43094,0,43094,32320,10774,通常
48,山内 晟也,CX5,7月,25,2028/08/27,43094,0,43094,32320,10774,通常
48,山内 晟也,CX5,7月,26,2028/09/27,43094,0,43094,32320,10774,通常
48,山内 晟也,CX5,7月,27,2028/10/27,43094,0,43094,32320,10774,通常
48,山内 晟也,CX5,7月,28,2028/11/27,43094,0,43094,32320,10774,通常
48,山内 晟也,CX5,7月,29,2028/12/27,43094,0,43094,32320,10774,通常
48,山内 晟也,CX5,7月,30,2029/01/27,43094,0,43094,32320,10774,通常
48,山内 晟也,CX5,7月,31,2029/02/27,43094,0,43094,32320,10774,通常
48,山内 晟也,CX5,7月,32,2029/03/27,43094,0,43094,32320,10774,通常
48,山内 晟也,CX5,7月,33,2029/04/27,43094,0,43094,32320,10774,通常
48,山内 晟也,CX5,7月,34,2029/05/27,43094,0,43094,32320,10774,通常
48,山内 晟也,CX5,7月,35,2029/06/27,43094,0,43094,32320,10774,通常
48,山内 晟也,CX5,7月,36,2029/07/27,43094,0,43094,32320,10774,通常
48,山内 晟也,CX5,7月,37,2029/08/27,43094,0,43094,32320,10774,通常
48,山内 晟也,CX5,7月,38,2029/09/27,43094,0,43094,32320,10774,通常
48,山内 晟也,CX5,7月,39,2029/10/27,43094,0,43094,32320,10774,通常
48,山内 晟也,CX5,7月,40,2029/11/27,43094,0,43094,32320,10774,通常
48,山内 晟也,CX5,7月,41,2029/12/27,43094,0,43094,32320,10774,通常
48,山内 晟也,CX5,7月,42,2030/01/27,43094,0,43094,32320,10774,通常
48,山内 晟也,CX5,7月,43,2030/02/27,43094,0,43094,32320,10774,通常
48,山内 晟也,CX5,7月,44,2030/03/27,43094,0,43094,32320,10774,通常
48,山内 晟也,CX5,7月,45,2030/04/27,43094,0,43094,32320,10774,通常
48,山内 晟也,CX5,7月,46,2030/05/27,43094,0,43094,32320,10774,通常
48,山内 晟也,CX5,7月,47,2030/06/27,43094,0,43094,32320,10774,通常
48,山内 晟也,CX5,7月,48,2030/07/27,43094,0,43094,32320,10774,通常
49,森本 梨紗,フリード,7月,1,2026/08/27,44872,0,44872,33654,11218,通常
49,森本 梨紗,フリード,7月,2,2026/09/27,44872,0,44872,33654,11218,通常
49,森本 梨紗,フリード,7月,3,2026/10/27,44872,0,44872,33654,11218,通常
49,森本 梨紗,フリード,7月,4,2026/11/27,44872,0,44872,33654,11218,通常
49,森本 梨紗,フリード,7月,5,2026/12/27,44872,0,44872,33654,11218,通常
49,森本 梨紗,フリード,7月,6,2027/01/27,44872,0,44872,33654,11218,通常
49,森本 梨紗,フリード,7月,7,2027/02/27,44872,0,44872,33654,11218,通常
49,森本 梨紗,フリード,7月,8,2027/03/27,44872,0,44872,33654,11218,通常
49,森本 梨紗,フリード,7月,9,2027/04/27,44872,0,44872,33654,11218,通常
49,森本 梨紗,フリード,7月,10,2027/05/27,44872,0,44872,33654,11218,通常
49,森本 梨紗,フリード,7月,11,2027/06/27,44872,0,44872,33654,11218,通常
49,森本 梨紗,フリード,7月,12,2027/07/27,44872,0,44872,33654,11218,通常
49,森本 梨紗,フリード,7月,13,2027/08/27,44872,0,44872,33654,11218,通常
49,森本 梨紗,フリード,7月,14,2027/09/27,44872,0,44872,33654,11218,通常
49,森本 梨紗,フリード,7月,15,2027/10/27,44872,0,44872,33654,11218,通常
49,森本 梨紗,フリード,7月,16,2027/11/27,44872,0,44872,33654,11218,通常
49,森本 梨紗,フリード,7月,17,2027/12/27,44872,0,44872,33654,11218,通常
49,森本 梨紗,フリード,7月,18,2028/01/27,44872,0,44872,33654,11218,通常
49,森本 梨紗,フリード,7月,19,2028/02/27,44872,0,44872,33654,11218,通常
49,森本 梨紗,フリード,7月,20,2028/03/27,44872,0,44872,33654,11218,通常
49,森本 梨紗,フリード,7月,21,2028/04/27,44872,0,44872,33654,11218,通常
49,森本 梨紗,フリード,7月,22,2028/05/27,44872,0,44872,33654,11218,通常
49,森本 梨紗,フリード,7月,23,2028/06/27,44872,0,44872,33654,11218,通常
49,森本 梨紗,フリード,7月,24,2028/07/27,44872,0,44872,33654,11218,通常
49,森本 梨紗,フリード,7月,25,2028/08/27,44872,0,44872,33654,11218,通常
49,森本 梨紗,フリード,7月,26,2028/09/27,44872,0,44872,33654,11218,通常
49,森本 梨紗,フリード,7月,27,2028/10/27,44872,0,44872,33654,11218,通常
49,森本 梨紗,フリード,7月,28,2028/11/27,44872,0,44872,33654,11218,通常
49,森本 梨紗,フリード,7月,29,2028/12/27,44872,0,44872,33654,11218,通常
49,森本 梨紗,フリード,7月,30,2029/01/27,44872,0,44872,33654,11218,通常
49,森本 梨紗,フリード,7月,31,2029/02/27,44872,0,44872,33654,11218,通常
49,森本 梨紗,フリード,7月,32,2029/03/27,44872,0,44872,33654,11218,通常
49,森本 梨紗,フリード,7月,33,2029/04/27,44872,0,44872,33654,11218,通常
49,森本 梨紗,フリード,7月,34,2029/05/27,44872,0,44872,33654,11218,通常
49,森本 梨紗,フリード,7月,35,2029/06/27,44872,0,44872,33654,11218,通常
49,森本 梨紗,フリード,7月,36,2029/07/27,44872,0,44872,33654,11218,通常
49,森本 梨紗,フリード,7月,37,2029/08/27,44872,0,44872,33654,11218,通常
49,森本 梨紗,フリード,7月,38,2029/09/27,44872,0,44872,33654,11218,通常
49,森本 梨紗,フリード,7月,39,2029/10/27,44872,0,44872,33654,11218,通常
49,森本 梨紗,フリード,7月,40,2029/11/27,44872,0,44872,33654,11218,通常
49,森本 梨紗,フリード,7月,41,2029/12/27,44872,0,44872,33654,11218,通常
49,森本 梨紗,フリード,7月,42,2030/01/27,44872,0,44872,33654,11218,通常
49,森本 梨紗,フリード,7月,43,2030/02/27,44872,0,44872,33654,11218,通常
49,森本 梨紗,フリード,7月,44,2030/03/27,44872,0,44872,33654,11218,通常
49,森本 梨紗,フリード,7月,45,2030/04/27,44872,0,44872,33654,11218,通常
49,森本 梨紗,フリード,7月,46,2030/05/27,44872,0,44872,33654,11218,通常
49,森本 梨紗,フリード,7月,47,2030/06/27,44872,0,44872,33654,11218,通常
49,森本 梨紗,フリード,7月,48,2030/07/27,44872,0,44872,33654,11218,通常
50,渡邉 渉,アルトMT,7月,1,2026/08/27,33348,0,33348,25011,8337,通常
50,渡邉 渉,アルトMT,7月,2,2026/09/27,33348,0,33348,25011,8337,通常
50,渡邉 渉,アルトMT,7月,3,2026/10/27,33348,0,33348,25011,8337,通常
50,渡邉 渉,アルトMT,7月,4,2026/11/27,33348,0,33348,25011,8337,通常
50,渡邉 渉,アルトMT,7月,5,2026/12/27,33348,0,33348,25011,8337,通常
50,渡邉 渉,アルトMT,7月,6,2027/01/27,33348,0,33348,25011,8337,通常
50,渡邉 渉,アルトMT,7月,7,2027/02/27,33348,0,33348,25011,8337,通常
50,渡邉 渉,アルトMT,7月,8,2027/03/27,33348,0,33348,25011,8337,通常
50,渡邉 渉,アルトMT,7月,9,2027/04/27,33348,0,33348,25011,8337,通常
50,渡邉 渉,アルトMT,7月,10,2027/05/27,33348,0,33348,25011,8337,通常
50,渡邉 渉,アルトMT,7月,11,2027/06/27,33348,0,33348,25011,8337,通常
50,渡邉 渉,アルトMT,7月,12,2027/07/27,33348,0,33348,25011,8337,通常
50,渡邉 渉,アルトMT,7月,13,2027/08/27,33348,0,33348,25011,8337,通常
50,渡邉 渉,アルトMT,7月,14,2027/09/27,33348,0,33348,25011,8337,通常
50,渡邉 渉,アルトMT,7月,15,2027/10/27,33348,0,33348,25011,8337,通常
50,渡邉 渉,アルトMT,7月,16,2027/11/27,33348,0,33348,25011,8337,通常
50,渡邉 渉,アルトMT,7月,17,2027/12/27,33348,0,33348,25011,8337,通常
50,渡邉 渉,アルトMT,7月,18,2028/01/27,33348,0,33348,25011,8337,通常
50,渡邉 渉,アルトMT,7月,19,2028/02/27,33348,0,33348,25011,8337,通常
50,渡邉 渉,アルトMT,7月,20,2028/03/27,33348,0,33348,25011,8337,通常
50,渡邉 渉,アルトMT,7月,21,2028/04/27,33348,0,33348,25011,8337,通常
50,渡邉 渉,アルトMT,7月,22,2028/05/27,33348,0,33348,25011,8337,通常
50,渡邉 渉,アルトMT,7月,23,2028/06/27,33348,0,33348,25011,8337,通常
50,渡邉 渉,アルトMT,7月,24,2028/07/27,33348,0,33348,25011,8337,通常
50,渡邉 渉,アルトMT,7月,25,2028/08/27,33348,0,33348,25011,8337,通常
50,渡邉 渉,アルトMT,7月,26,2028/09/27,33348,0,33348,25011,8337,通常
50,渡邉 渉,アルトMT,7月,27,2028/10/27,33348,0,33348,25011,8337,通常
50,渡邉 渉,アルトMT,7月,28,2028/11/27,33348,0,33348,25011,8337,通常
50,渡邉 渉,アルトMT,7月,29,2028/12/27,33348,0,33348,25011,8337,通常
50,渡邉 渉,アルトMT,7月,30,2029/01/27,33348,0,33348,25011,8337,通常
50,渡邉 渉,アルトMT,7月,31,2029/02/27,33348,0,33348,25011,8337,通常
50,渡邉 渉,アルトMT,7月,32,2029/03/27,33348,0,33348,25011,8337,通常
50,渡邉 渉,アルトMT,7月,33,2029/04/27,33348,0,33348,25011,8337,通常
50,渡邉 渉,アルトMT,7月,34,2029/05/27,33348,0,33348,25011,8337,通常
50,渡邉 渉,アルトMT,7月,35,2029/06/27,33348,0,33348,25011,8337,通常
50,渡邉 渉,アルトMT,7月,36,2029/07/27,33348,0,33348,25011,8337,通常
50,渡邉 渉,アルトMT,7月,37,2029/08/27,33348,0,33348,25011,8337,通常
50,渡邉 渉,アルトMT,7月,38,2029/09/27,33348,0,33348,25011,8337,通常
50,渡邉 渉,アルトMT,7月,39,2029/10/27,33348,0,33348,25011,8337,通常
50,渡邉 渉,アルトMT,7月,40,2029/11/27,33348,0,33348,25011,8337,通常
50,渡邉 渉,アルトMT,7月,41,2029/12/27,33348,0,33348,25011,8337,通常
50,渡邉 渉,アルトMT,7月,42,2030/01/27,33348,0,33348,25011,8337,通常
50,渡邉 渉,アルトMT,7月,43,2030/02/27,33348,0,33348,25011,8337,通常
50,渡邉 渉,アルトMT,7月,44,2030/03/27,33348,0,33348,25011,8337,通常
50,渡邉 渉,アルトMT,7月,45,2030/04/27,33348,0,33348,25011,8337,通常
50,渡邉 渉,アルトMT,7月,46,2030/05/27,33348,0,33348,25011,8337,通常
50,渡邉 渉,アルトMT,7月,47,2030/06/27,33348,0,33348,25011,8337,通常
50,渡邉 渉,アルトMT,7月,48,2030/07/27,33348,0,33348,25011,8337,通常
51,植田 希望,アクア白,7月,1,2026/08/27,37000,0,37000,27750,9250,通常
51,植田 希望,アクア白,7月,2,2026/09/27,37000,0,37000,27750,9250,通常
51,植田 希望,アクア白,7月,3,2026/10/27,37000,0,37000,27750,9250,通常
51,植田 希望,アクア白,7月,4,2026/11/27,37000,0,37000,27750,9250,通常
51,植田 希望,アクア白,7月,5,2026/12/27,37000,0,37000,27750,9250,通常
51,植田 希望,アクア白,7月,6,2027/01/27,37000,0,37000,27750,9250,通常
51,植田 希望,アクア白,7月,7,2027/02/27,37000,0,37000,27750,9250,通常
51,植田 希望,アクア白,7月,8,2027/03/27,37000,0,37000,27750,9250,通常
51,植田 希望,アクア白,7月,9,2027/04/27,37000,0,37000,27750,9250,通常
51,植田 希望,アクア白,7月,10,2027/05/27,37000,0,37000,27750,9250,通常
51,植田 希望,アクア白,7月,11,2027/06/27,37000,0,37000,27750,9250,通常
51,植田 希望,アクア白,7月,12,2027/07/27,37000,0,37000,27750,9250,通常
51,植田 希望,アクア白,7月,13,2027/08/27,37000,0,37000,27750,9250,通常
51,植田 希望,アクア白,7月,14,2027/09/27,37000,0,37000,27750,9250,通常
51,植田 希望,アクア白,7月,15,2027/10/27,37000,0,37000,27750,9250,通常
51,植田 希望,アクア白,7月,16,2027/11/27,37000,0,37000,27750,9250,通常
51,植田 希望,アクア白,7月,17,2027/12/27,37000,0,37000,27750,9250,通常
51,植田 希望,アクア白,7月,18,2028/01/27,37000,0,37000,27750,9250,通常
51,植田 希望,アクア白,7月,19,2028/02/27,37000,0,37000,27750,9250,通常
51,植田 希望,アクア白,7月,20,2028/03/27,37000,0,37000,27750,9250,通常
51,植田 希望,アクア白,7月,21,2028/04/27,37000,0,37000,27750,9250,通常
51,植田 希望,アクア白,7月,22,2028/05/27,37000,0,37000,27750,9250,通常
51,植田 希望,アクア白,7月,23,2028/06/27,37000,0,37000,27750,9250,通常
51,植田 希望,アクア白,7月,24,2028/07/27,37000,0,37000,27750,9250,通常
51,植田 希望,アクア白,7月,25,2028/08/27,37000,0,37000,27750,9250,通常
51,植田 希望,アクア白,7月,26,2028/09/27,37000,0,37000,27750,9250,通常
51,植田 希望,アクア白,7月,27,2028/10/27,37000,0,37000,27750,9250,通常
51,植田 希望,アクア白,7月,28,2028/11/27,37000,0,37000,27750,9250,通常
51,植田 希望,アクア白,7月,29,2028/12/27,37000,0,37000,27750,9250,通常
51,植田 希望,アクア白,7月,30,2029/01/27,37000,0,37000,27750,9250,通常
51,植田 希望,アクア白,7月,31,2029/02/27,37000,0,37000,27750,9250,通常
51,植田 希望,アクア白,7月,32,2029/03/27,37000,0,37000,27750,9250,通常
51,植田 希望,アクア白,7月,33,2029/04/27,37000,0,37000,27750,9250,通常
51,植田 希望,アクア白,7月,34,2029/05/27,37000,0,37000,27750,9250,通常
51,植田 希望,アクア白,7月,35,2029/06/27,37000,0,37000,27750,9250,通常
51,植田 希望,アクア白,7月,36,2029/07/27,37000,0,37000,27750,9250,通常
51,植田 希望,アクア白,7月,37,2029/08/27,37000,0,37000,27750,9250,通常
51,植田 希望,アクア白,7月,38,2029/09/27,37000,0,37000,27750,9250,通常
51,植田 希望,アクア白,7月,39,2029/10/27,37000,0,37000,27750,9250,通常
51,植田 希望,アクア白,7月,40,2029/11/27,37000,0,37000,27750,9250,通常
51,植田 希望,アクア白,7月,41,2029/12/27,37000,0,37000,27750,9250,通常
51,植田 希望,アクア白,7月,42,2030/01/27,37000,0,37000,27750,9250,通常
51,植田 希望,アクア白,7月,43,2030/02/27,37000,0,37000,27750,9250,通常
51,植田 希望,アクア白,7月,44,2030/03/27,37000,0,37000,27750,9250,通常
51,植田 希望,アクア白,7月,45,2030/04/27,37000,0,37000,27750,9250,通常
51,植田 希望,アクア白,7月,46,2030/05/27,37000,0,37000,27750,9250,通常
51,植田 希望,アクア白,7月,47,2030/06/27,37000,0,37000,27750,9250,通常
51,植田 希望,アクア白,7月,48,2030/07/27,37000,0,37000,27750,9250,通常
52,吉武 慎治,30プリウス,7月,1,2026/08/27,46779,0,46779,35084,11695,通常
52,吉武 慎治,30プリウス,7月,2,2026/09/27,46779,0,46779,35084,11695,通常
52,吉武 慎治,30プリウス,7月,3,2026/10/27,46779,0,46779,35084,11695,通常
52,吉武 慎治,30プリウス,7月,4,2026/11/27,46779,0,46779,35084,11695,通常
52,吉武 慎治,30プリウス,7月,5,2026/12/27,46779,0,46779,35084,11695,通常
52,吉武 慎治,30プリウス,7月,6,2027/01/27,46779,0,46779,35084,11695,通常
52,吉武 慎治,30プリウス,7月,7,2027/02/27,46779,0,46779,35084,11695,通常
52,吉武 慎治,30プリウス,7月,8,2027/03/27,46779,0,46779,35084,11695,通常
52,吉武 慎治,30プリウス,7月,9,2027/04/27,46779,0,46779,35084,11695,通常
52,吉武 慎治,30プリウス,7月,10,2027/05/27,46779,0,46779,35084,11695,通常
52,吉武 慎治,30プリウス,7月,11,2027/06/27,46779,0,46779,35084,11695,通常
52,吉武 慎治,30プリウス,7月,12,2027/07/27,46779,0,46779,35084,11695,通常
52,吉武 慎治,30プリウス,7月,13,2027/08/27,46779,0,46779,35084,11695,通常
52,吉武 慎治,30プリウス,7月,14,2027/09/27,46779,0,46779,35084,11695,通常
52,吉武 慎治,30プリウス,7月,15,2027/10/27,46779,0,46779,35084,11695,通常
52,吉武 慎治,30プリウス,7月,16,2027/11/27,46779,0,46779,35084,11695,通常
52,吉武 慎治,30プリウス,7月,17,2027/12/27,46779,0,46779,35084,11695,通常
52,吉武 慎治,30プリウス,7月,18,2028/01/27,46779,0,46779,35084,11695,通常
52,吉武 慎治,30プリウス,7月,19,2028/02/27,46779,0,46779,35084,11695,通常
52,吉武 慎治,30プリウス,7月,20,2028/03/27,46779,0,46779,35084,11695,通常
52,吉武 慎治,30プリウス,7月,21,2028/04/27,46779,0,46779,35084,11695,通常
52,吉武 慎治,30プリウス,7月,22,2028/05/27,46779,0,46779,35084,11695,通常
52,吉武 慎治,30プリウス,7月,23,2028/06/27,46779,0,46779,35084,11695,通常
52,吉武 慎治,30プリウス,7月,24,2028/07/27,46779,0,46779,35084,11695,通常
52,吉武 慎治,30プリウス,7月,25,2028/08/27,46779,0,46779,35084,11695,通常
52,吉武 慎治,30プリウス,7月,26,2028/09/27,46779,0,46779,35084,11695,通常
52,吉武 慎治,30プリウス,7月,27,2028/10/27,46779,0,46779,35084,11695,通常
52,吉武 慎治,30プリウス,7月,28,2028/11/27,46779,0,46779,35084,11695,通常
52,吉武 慎治,30プリウス,7月,29,2028/12/27,46779,0,46779,35084,11695,通常
52,吉武 慎治,30プリウス,7月,30,2029/01/27,46779,0,46779,35084,11695,通常
52,吉武 慎治,30プリウス,7月,31,2029/02/27,46779,0,46779,35084,11695,通常
52,吉武 慎治,30プリウス,7月,32,2029/03/27,46779,0,46779,35084,11695,通常
52,吉武 慎治,30プリウス,7月,33,2029/04/27,46779,0,46779,35084,11695,通常
52,吉武 慎治,30プリウス,7月,34,2029/05/27,46779,0,46779,35084,11695,通常
52,吉武 慎治,30プリウス,7月,35,2029/06/27,46779,0,46779,35084,11695,通常
52,吉武 慎治,30プリウス,7月,36,2029/07/27,46779,0,46779,35084,11695,通常
52,吉武 慎治,30プリウス,7月,37,2029/08/27,46779,0,46779,35084,11695,通常
52,吉武 慎治,30プリウス,7月,38,2029/09/27,46779,0,46779,35084,11695,通常
52,吉武 慎治,30プリウス,7月,39,2029/10/27,46779,0,46779,35084,11695,通常
52,吉武 慎治,30プリウス,7月,40,2029/11/27,46779,0,46779,35084,11695,通常
52,吉武 慎治,30プリウス,7月,41,2029/12/27,46779,0,46779,35084,11695,通常
52,吉武 慎治,30プリウス,7月,42,2030/01/27,46779,0,46779,35084,11695,通常
52,吉武 慎治,30プリウス,7月,43,2030/02/27,46779,0,46779,35084,11695,通常
52,吉武 慎治,30プリウス,7月,44,2030/03/27,46779,0,46779,35084,11695,通常
52,吉武 慎治,30プリウス,7月,45,2030/04/27,46779,0,46779,35084,11695,通常
52,吉武 慎治,30プリウス,7月,46,2030/05/27,46779,0,46779,35084,11695,通常
52,吉武 慎治,30プリウス,7月,47,2030/06/27,46779,0,46779,35084,11695,通常
52,吉武 慎治,30プリウス,7月,48,2030/07/27,46779,0,46779,35084,11695,通常
53,五島 友子,タントカスタム,7月,1,2026/08/27,33178,0,33178,24884,8294,通常
53,五島 友子,タントカスタム,7月,2,2026/09/27,33178,0,33178,24884,8294,通常
53,五島 友子,タントカスタム,7月,3,2026/10/27,33178,0,33178,24884,8294,通常
53,五島 友子,タントカスタム,7月,4,2026/11/27,33178,0,33178,24884,8294,通常
53,五島 友子,タントカスタム,7月,5,2026/12/27,33178,0,33178,24884,8294,通常
53,五島 友子,タントカスタム,7月,6,2027/01/27,33178,0,33178,24884,8294,通常
53,五島 友子,タントカスタム,7月,7,2027/02/27,33178,0,33178,24884,8294,通常
53,五島 友子,タントカスタム,7月,8,2027/03/27,33178,0,33178,24884,8294,通常
53,五島 友子,タントカスタム,7月,9,2027/04/27,33178,0,33178,24884,8294,通常
53,五島 友子,タントカスタム,7月,10,2027/05/27,33178,0,33178,24884,8294,通常
53,五島 友子,タントカスタム,7月,11,2027/06/27,33178,0,33178,24884,8294,通常
53,五島 友子,タントカスタム,7月,12,2027/07/27,33178,0,33178,24884,8294,通常
53,五島 友子,タントカスタム,7月,13,2027/08/27,33178,0,33178,24884,8294,通常
53,五島 友子,タントカスタム,7月,14,2027/09/27,33178,0,33178,24884,8294,通常
53,五島 友子,タントカスタム,7月,15,2027/10/27,33178,0,33178,24884,8294,通常
53,五島 友子,タントカスタム,7月,16,2027/11/27,33178,0,33178,24884,8294,通常
53,五島 友子,タントカスタム,7月,17,2027/12/27,33178,0,33178,24884,8294,通常
53,五島 友子,タントカスタム,7月,18,2028/01/27,33178,0,33178,24884,8294,通常
53,五島 友子,タントカスタム,7月,19,2028/02/27,33178,0,33178,24884,8294,通常
53,五島 友子,タントカスタム,7月,20,2028/03/27,33178,0,33178,24884,8294,通常
53,五島 友子,タントカスタム,7月,21,2028/04/27,33178,0,33178,24884,8294,通常
53,五島 友子,タントカスタム,7月,22,2028/05/27,33178,0,33178,24884,8294,通常
53,五島 友子,タントカスタム,7月,23,2028/06/27,33178,0,33178,24884,8294,通常
53,五島 友子,タントカスタム,7月,24,2028/07/27,33178,0,33178,24884,8294,通常
53,五島 友子,タントカスタム,7月,25,2028/08/27,33178,0,33178,24884,8294,通常
53,五島 友子,タントカスタム,7月,26,2028/09/27,33178,0,33178,24884,8294,通常
53,五島 友子,タントカスタム,7月,27,2028/10/27,33178,0,33178,24884,8294,通常
53,五島 友子,タントカスタム,7月,28,2028/11/27,33178,0,33178,24884,8294,通常
53,五島 友子,タントカスタム,7月,29,2028/12/27,33178,0,33178,24884,8294,通常
53,五島 友子,タントカスタム,7月,30,2029/01/27,33178,0,33178,24884,8294,通常
53,五島 友子,タントカスタム,7月,31,2029/02/27,33178,0,33178,24884,8294,通常
53,五島 友子,タントカスタム,7月,32,2029/03/27,33178,0,33178,24884,8294,通常
53,五島 友子,タントカスタム,7月,33,2029/04/27,33178,0,33178,24884,8294,通常
53,五島 友子,タントカスタム,7月,34,2029/05/27,33178,0,33178,24884,8294,通常
53,五島 友子,タントカスタム,7月,35,2029/06/27,33178,0,33178,24884,8294,通常
53,五島 友子,タントカスタム,7月,36,2029/07/27,33178,0,33178,24884,8294,通常
53,五島 友子,タントカスタム,7月,37,2029/08/27,33178,0,33178,24884,8294,通常
53,五島 友子,タントカスタム,7月,38,2029/09/27,33178,0,33178,24884,8294,通常
53,五島 友子,タントカスタム,7月,39,2029/10/27,33178,0,33178,24884,8294,通常
53,五島 友子,タントカスタム,7月,40,2029/11/27,33178,0,33178,24884,8294,通常
53,五島 友子,タントカスタム,7月,41,2029/12/27,33178,0,33178,24884,8294,通常
53,五島 友子,タントカスタム,7月,42,2030/01/27,33178,0,33178,24884,8294,通常
53,五島 友子,タントカスタム,7月,43,2030/02/27,33178,0,33178,24884,8294,通常
53,五島 友子,タントカスタム,7月,44,2030/03/27,33178,0,33178,24884,8294,通常
53,五島 友子,タントカスタム,7月,45,2030/04/27,33178,0,33178,24884,8294,通常
53,五島 友子,タントカスタム,7月,46,2030/05/27,33178,0,33178,24884,8294,通常
53,五島 友子,タントカスタム,7月,47,2030/06/27,33178,0,33178,24884,8294,通常
53,五島 友子,タントカスタム,7月,48,2030/07/27,33178,0,33178,24884,8294,通常
54,和田 拓志,フィットMT,7月,1,2026/09/27,38452,0,38452,28839,9613,通常
54,和田 拓志,フィットMT,7月,2,2026/10/27,38452,0,38452,28839,9613,通常
54,和田 拓志,フィットMT,7月,3,2026/11/27,38452,0,38452,28839,9613,通常
54,和田 拓志,フィットMT,7月,4,2026/12/27,38452,0,38452,28839,9613,通常
54,和田 拓志,フィットMT,7月,5,2027/01/27,38452,0,38452,28839,9613,通常
54,和田 拓志,フィットMT,7月,6,2027/02/27,38452,0,38452,28839,9613,通常
54,和田 拓志,フィットMT,7月,7,2027/03/27,38452,0,38452,28839,9613,通常
54,和田 拓志,フィットMT,7月,8,2027/04/27,38452,0,38452,28839,9613,通常
54,和田 拓志,フィットMT,7月,9,2027/05/27,38452,0,38452,28839,9613,通常
54,和田 拓志,フィットMT,7月,10,2027/06/27,38452,0,38452,28839,9613,通常
54,和田 拓志,フィットMT,7月,11,2027/07/27,38452,0,38452,28839,9613,通常
54,和田 拓志,フィットMT,7月,12,2027/08/27,38452,0,38452,28839,9613,通常
54,和田 拓志,フィットMT,7月,13,2027/09/27,38452,0,38452,28839,9613,通常
54,和田 拓志,フィットMT,7月,14,2027/10/27,38452,0,38452,28839,9613,通常
54,和田 拓志,フィットMT,7月,15,2027/11/27,38452,0,38452,28839,9613,通常
54,和田 拓志,フィットMT,7月,16,2027/12/27,38452,0,38452,28839,9613,通常
54,和田 拓志,フィットMT,7月,17,2028/01/27,38452,0,38452,28839,9613,通常
54,和田 拓志,フィットMT,7月,18,2028/02/27,38452,0,38452,28839,9613,通常
54,和田 拓志,フィットMT,7月,19,2028/03/27,38452,0,38452,28839,9613,通常
54,和田 拓志,フィットMT,7月,20,2028/04/27,38452,0,38452,28839,9613,通常
54,和田 拓志,フィットMT,7月,21,2028/05/27,38452,0,38452,28839,9613,通常
54,和田 拓志,フィットMT,7月,22,2028/06/27,38452,0,38452,28839,9613,通常
54,和田 拓志,フィットMT,7月,23,2028/07/27,38452,0,38452,28839,9613,通常
54,和田 拓志,フィットMT,7月,24,2028/08/27,38452,0,38452,28839,9613,通常
54,和田 拓志,フィットMT,7月,25,2028/09/27,38452,0,38452,28839,9613,通常
54,和田 拓志,フィットMT,7月,26,2028/10/27,38452,0,38452,28839,9613,通常
54,和田 拓志,フィットMT,7月,27,2028/11/27,38452,0,38452,28839,9613,通常
54,和田 拓志,フィットMT,7月,28,2028/12/27,38452,0,38452,28839,9613,通常
54,和田 拓志,フィットMT,7月,29,2029/01/27,38452,0,38452,28839,9613,通常
54,和田 拓志,フィットMT,7月,30,2029/02/27,38452,0,38452,28839,9613,通常
54,和田 拓志,フィットMT,7月,31,2029/03/27,38452,0,38452,28839,9613,通常
54,和田 拓志,フィットMT,7月,32,2029/04/27,38452,0,38452,28839,9613,通常
54,和田 拓志,フィットMT,7月,33,2029/05/27,38452,0,38452,28839,9613,通常
54,和田 拓志,フィットMT,7月,34,2029/06/27,38452,0,38452,28839,9613,通常
54,和田 拓志,フィットMT,7月,35,2029/07/27,38452,0,38452,28839,9613,通常
54,和田 拓志,フィットMT,7月,36,2029/08/27,38452,0,38452,28839,9613,通常
54,和田 拓志,フィットMT,7月,37,2029/09/27,38452,0,38452,28839,9613,通常
54,和田 拓志,フィットMT,7月,38,2029/10/27,38452,0,38452,28839,9613,通常
54,和田 拓志,フィットMT,7月,39,2029/11/27,38452,0,38452,28839,9613,通常
54,和田 拓志,フィットMT,7月,40,2029/12/27,38452,0,38452,28839,9613,通常
54,和田 拓志,フィットMT,7月,41,2030/01/27,38452,0,38452,28839,9613,通常
54,和田 拓志,フィットMT,7月,42,2030/02/27,38452,0,38452,28839,9613,通常
54,和田 拓志,フィットMT,7月,43,2030/03/27,38452,0,38452,28839,9613,通常
54,和田 拓志,フィットMT,7月,44,2030/04/27,38452,0,38452,28839,9613,通常
54,和田 拓志,フィットMT,7月,45,2030/05/27,38452,0,38452,28839,9613,通常
54,和田 拓志,フィットMT,7月,46,2030/06/27,38452,0,38452,28839,9613,通常
54,和田 拓志,フィットMT,7月,47,2030/07/27,38452,0,38452,28839,9613,通常
54,和田 拓志,フィットMT,7月,48,2030/08/27,38452,0,38452,28839,9613,通常
